<?xml version="1.0" encoding="UTF-8"?>
<config xmlns="http://www.knime.org/2008/09/XMLConfig" xmlns:xsi="http://www.w3.org/2001/XMLSchema-instance" xsi:schemaLocation="http://www.knime.org/2008/09/XMLConfig http://www.knime.org/XMLConfig_2008_09.xsd" key="settings.xml">
<entry key="node_file" type="xstring" value="settings.xml"/>
<config key="flow_stack"/>
<config key="internal_node_subsettings">
<entry key="memory_policy" type="xstring" value="CacheSmallInMemory"/>
</config>
<config key="model">
<entry key="parameterName" type="xstring" value="json-output"/>
<entry key="useFullyQualifiedName" type="xboolean" value="false"/>
<entry key="jsonColumnName" type="xstring" value="body"/>
<entry key="keepOneRowTablesSimple" type="xboolean" value="true"/>
<entry key="description" type="xstring" value=""/>
</config>
<entry key="customDescription" type="xstring" isnull="true" value=""/>
<entry key="state" type="xstring" value="EXECUTED"/>
<entry key="factory" type="xstring" value="org.knime.json.node.output.JSONOutputNodeFactory"/>
<entry key="node-name" type="xstring" value="Container Output (JSON)"/>
<entry key="node-bundle-name" type="xstring" value="JSON related functionality for KNIME"/>
<entry key="node-bundle-symbolic-name" type="xstring" value="org.knime.json"/>
<entry key="node-bundle-vendor" type="xstring" value="KNIME AG, Zurich, Switzerland"/>
<entry key="node-bundle-version" type="xstring" value="4.2.1.v202008251158"/>
<entry key="node-feature-name" type="xstring" value="KNIME JSON-Processing"/>
<entry key="node-feature-symbolic-name" type="xstring" value="org.knime.features.json.feature.group"/>
<entry key="node-feature-vendor" type="xstring" value="KNIME AG, Zurich, Switzerland"/>
<entry key="node-feature-version" type="xstring" value="4.2.1.v202008251158"/>
<config key="factory_settings"/>
<entry key="name" type="xstring" value="Container Output (JSON)"/>
<entry key="hasContent" type="xboolean" value="true"/>
<entry key="isInactive" type="xboolean" value="false"/>
<config key="ports"/>
<config key="internalObjects">
<entry key="location" type="xstring" value="internalTables"/>
<config key="content">
<config key="object_0">
<entry key="index" type="xint" value="0"/>
<entry key="type" type="xstring" value="table"/>
<entry key="table_dir_location" type="xstring" value="object_0"/>
</config>
</config>
</config>
<config key="filestores">
<entry key="file_store_location" type="xstring" isnull="true" value=""/>
<entry key="file_store_id" type="xstring" value="9ddc839f-d066-4c6f-8dbb-e352af663abd"/>
</config>
</config>
