<?xml version="1.0" encoding="UTF-8"?>
<config xmlns="http://www.knime.org/2008/09/XMLConfig" xmlns:xsi="http://www.w3.org/2001/XMLSchema-instance" xsi:schemaLocation="http://www.knime.org/2008/09/XMLConfig http://www.knime.org/XMLConfig_2008_09.xsd" key="db_session">
<config key="Session Info">
<entry key="sessionID" type="xstring" value="3cb4e0f2-8b04-441e-8b71-3bfc2082e009"/>
<entry key="dbTypeId" type="xstring" value="mysql"/>
<entry key="dialectId" type="xstring" value="mysql"/>
<entry key="dbURL" type="xstring" value="jdbc:mysql://localhost:3306/db_X_L_A"/>
<entry key="authenticationType" type="xstring" value="USER_PWD"/>
<entry key="dbUser" type="xstring" value="root"/>
<entry key="dbPassword" type="xpassword" value="010F638EC1681F845F5C00BE611B7C6563D147D30155512CDB40B3028A2B22F16D"/>
</config>
<config key="Driver Definition">
<entry key="driverId" type="xstring" value="MySQL 8"/>
<entry key="driverName" type="xstring" value="MySQL 8"/>
<entry key="driverVersion" type="xstring" value="8.0.0"/>
<entry key="driverClass" type="xstring" value="com.mysql.cj.jdbc.Driver"/>
<entry key="driverDescription" type="xstring" value=""/>
<entry key="driverOrigin" type="xstring" value="EXTENSION"/>
</config>
<config key="Attributes"/>
</config>
