<?xml version="1.0" encoding="UTF-8"?>
<config xmlns="http://www.knime.org/2008/09/XMLConfig" xmlns:xsi="http://www.w3.org/2001/XMLSchema-instance" xsi:schemaLocation="http://www.knime.org/2008/09/XMLConfig http://www.knime.org/XMLConfig_2008_09.xsd" key="settings.xml">
<entry key="node_file" type="xstring" value="settings.xml"/>
<config key="flow_stack"/>
<config key="internal_node_subsettings">
<entry key="memory_policy" type="xstring" value="CacheSmallInMemory"/>
</config>
<config key="model">
<entry key="expression" type="xstring" value="join(&quot;http://api.worldbank.org/v2/country/&quot;,$knime.in.Alpha.2.code$,&quot;/indicator/NY.GDP.PCAP.CD?format=json&amp;date=1992&quot;)"/>
<entry key="replaced_column" type="xstring" value="new column"/>
<entry key="append_column" type="xboolean" value="false"/>
<entry key="test_compilation_on_dialog_close" type="xboolean" value="true"/>
<entry key="insert_missing_as_null" type="xboolean" value="false"/>
<entry key="return_type" type="xstring" value="java.lang.String"/>
</config>
<entry key="customDescription" type="xstring" isnull="true" value=""/>
<entry key="state" type="xstring" value="EXECUTED"/>
<entry key="factory" type="xstring" value="org.knime.base.node.preproc.stringmanipulation.StringManipulationNodeFactory"/>
<entry key="node-name" type="xstring" value="String Manipulation"/>
<entry key="node-bundle-name" type="xstring" value="KNIME Java Snippet Nodes"/>
<entry key="node-bundle-symbolic-name" type="xstring" value="org.knime.jsnippets"/>
<entry key="node-bundle-vendor" type="xstring" value="KNIME AG, Zurich, Switzerland"/>
<entry key="node-bundle-version" type="xstring" value="4.2.0.v202006150933"/>
<entry key="node-feature-name" type="xstring" value="KNIME Javasnippet"/>
<entry key="node-feature-symbolic-name" type="xstring" value="org.knime.features.javasnippet.feature.group"/>
<entry key="node-feature-vendor" type="xstring" value="KNIME AG, Zurich, Switzerland"/>
<entry key="node-feature-version" type="xstring" value="4.2.0.v202006150933"/>
<config key="factory_settings"/>
<entry key="name" type="xstring" value="String Manipulation"/>
<entry key="hasContent" type="xboolean" value="true"/>
<entry key="isInactive" type="xboolean" value="false"/>
<config key="ports">
<config key="port_1">
<entry key="index" type="xint" value="1"/>
<entry key="port_spec_class" type="xstring" value="org.knime.core.data.DataTableSpec"/>
<entry key="port_object_class" type="xstring" value="org.knime.core.node.BufferedDataTable"/>
<entry key="port_object_summary" type="xstring" value="Rows: 249, Cols: 3"/>
<entry key="port_dir_location" type="xstring" value="port_1"/>
</config>
</config>
<config key="filestores">
<entry key="file_store_location" type="xstring" isnull="true" value=""/>
<entry key="file_store_id" type="xstring" value="900ccc88-18f6-4f62-9fb5-9585b23ccd93"/>
</config>
</config>
