<?xml version="1.0" encoding="UTF-8"?>
<config xmlns="http://www.knime.org/2008/09/XMLConfig" xmlns:xsi="http://www.w3.org/2001/XMLSchema-instance" xsi:schemaLocation="http://www.knime.org/2008/09/XMLConfig http://www.knime.org/XMLConfig_2008_09.xsd" key="settings.xml">
<entry key="node_file" type="xstring" value="settings.xml"/>
<config key="flow_stack"/>
<config key="internal_node_subsettings">
<entry key="memory_policy" type="xstring" value="CacheSmallInMemory"/>
</config>
<config key="model">
<entry key="script" type="xstring" value="library(rvest, xml2)%%00010library(data.table)%%00010my_link &lt;- 'https://www.iban.com/country-codes'%%00010html_file &lt;- read_html(my_link)%%00010table_c &lt;- html_file %&gt;%%%00010  html_nodes(&quot;table&quot;) %&gt;%%%00010  html_table(fill = TRUE)%%00010df &lt;- as.data.frame(table_c)%%00010df$Alpha.2.code[is.na(df$Alpha.2.code)] &lt;- &quot;NA&quot;%%00010knime.out &lt;- df"/>
<entry key="templateUUID" type="xstring" isnull="true" value=""/>
<entry key="version" type="xstring" value="version 1.x"/>
<entry key="Output non numbers (NaN, Inf, -Inf) as missing cells" type="xboolean" value="false"/>
<entry key="sendRowNames" type="xboolean" value="true"/>
<entry key="sendBatchSize" type="xint" value="10000"/>
<entry key="knimeInType" type="xstring" value="data.frame"/>
<entry key="overwriteRHome" type="xboolean" value="false"/>
<entry key="rHome" type="xstring" value=""/>
</config>
<entry key="customDescription" type="xstring" isnull="true" value=""/>
<entry key="state" type="xstring" value="EXECUTED"/>
<entry key="factory" type="xstring" value="org.knime.r.RReaderTableNodeFactory"/>
<entry key="node-name" type="xstring" value="R Source (Table)"/>
<entry key="node-bundle-name" type="xstring" value="KNIME R-Project nodes"/>
<entry key="node-bundle-symbolic-name" type="xstring" value="org.knime.r"/>
<entry key="node-bundle-vendor" type="xstring" value="KNIME AG, Zurich, Switzerland"/>
<entry key="node-bundle-version" type="xstring" value="4.2.3.v202011021202"/>
<entry key="node-feature-name" type="xstring" value="KNIME Interactive R Statistics Integration"/>
<entry key="node-feature-symbolic-name" type="xstring" value="org.knime.features.r.feature.group"/>
<entry key="node-feature-vendor" type="xstring" value="KNIME AG, Zurich, Switzerland"/>
<entry key="node-feature-version" type="xstring" value="4.2.3.v202011021202"/>
<config key="factory_settings"/>
<entry key="name" type="xstring" value="R Source (Table)"/>
<entry key="hasContent" type="xboolean" value="true"/>
<entry key="isInactive" type="xboolean" value="false"/>
<config key="ports">
<config key="port_1">
<entry key="index" type="xint" value="1"/>
<entry key="port_spec_class" type="xstring" value="org.knime.core.data.DataTableSpec"/>
<entry key="port_object_class" type="xstring" value="org.knime.core.node.BufferedDataTable"/>
<entry key="port_object_summary" type="xstring" value="Rows: 249, Cols: 4"/>
<entry key="port_dir_location" type="xstring" value="port_1"/>
</config>
</config>
<config key="filestores">
<entry key="file_store_location" type="xstring" isnull="true" value=""/>
<entry key="file_store_id" type="xstring" value="3cf68869-115b-4c96-8c55-44707442e6c1"/>
</config>
</config>
