<?xml version="1.0" encoding="UTF-8"?>
<config xmlns="http://www.knime.org/2008/09/XMLConfig" xmlns:xsi="http://www.w3.org/2001/XMLSchema-instance" xsi:schemaLocation="http://www.knime.org/2008/09/XMLConfig http://www.knime.org/XMLConfig_2008_09.xsd" key="viewRepresentation">
<entry key="showLegend" type="xboolean" value="false"/>
<entry key="autoRange" type="xboolean" value="true"/>
<entry key="useDomainInformation" type="xboolean" value="false"/>
<entry key="showGrid" type="xboolean" value="true"/>
<entry key="showCrosshair" type="xboolean" value="false"/>
<entry key="snapToPoints" type="xboolean" value="false"/>
<entry key="resizeToWindow" type="xboolean" value="true"/>
<entry key="enableViewConfiguration" type="xboolean" value="true"/>
<entry key="enableTitleChange" type="xboolean" value="true"/>
<entry key="enableSubtitleChange" type="xboolean" value="true"/>
<entry key="enableXColumnChange" type="xboolean" value="true"/>
<entry key="enableYColumnChange" type="xboolean" value="true"/>
<entry key="enableXAxisLabelEdit" type="xboolean" value="true"/>
<entry key="enableYAxisLabelEdit" type="xboolean" value="true"/>
<entry key="enableDotSizeChange" type="xboolean" value="false"/>
<entry key="enablePanning" type="xboolean" value="true"/>
<entry key="enableZooming" type="xboolean" value="true"/>
<entry key="enableDragZooming" type="xboolean" value="false"/>
<entry key="showZoomResetButton" type="xboolean" value="false"/>
<entry key="enableSelection" type="xboolean" value="true"/>
<entry key="enableRectangleSelection" type="xboolean" value="true"/>
<entry key="enableLassoSelection" type="xboolean" value="false"/>
<entry key="imageWidth" type="xint" value="800"/>
<entry key="imageHeight" type="xint" value="600"/>
<entry key="backgroundColor" type="xstring" value="rgba(255,255,255,1.0)"/>
<entry key="dataAreaColor" type="xstring" value="rgba(255,255,255,1.0)"/>
<entry key="gridColor" type="xstring" value="rgba(230,230,230,1.0)"/>
<entry key="hasDataset" type="xboolean" value="true"/>
<config key="dataset">
<entry key="tableID" type="xstring" value="bda47a0a-e191-4612-8e43-39b0a52e9662"/>
<config key="columnKeys">
<entry key="array-size" type="xint" value="8"/>
<entry key="0" type="xstring" value="event_year"/>
<entry key="1" type="xstring" value="medal_counts"/>
<entry key="2" type="xstring" value="country_name"/>
<entry key="3" type="xstring" value="country_code"/>
<entry key="4" type="xstring" value="gdppc"/>
<entry key="5" type="xstring" value="population"/>
<entry key="6" type="xstring" value="log_gdppc"/>
<entry key="7" type="xstring" value="log_population"/>
</config>
<config key="symbols_0">
<entry key="index" type="xint" value="2"/>
<entry key="numSymbols" type="xint" value="82"/>
<config key="symbol_0">
<entry key="key" type="xstring" value="44"/>
<entry key="value" type="xstring" value="Croatia"/>
</config>
<config key="symbol_1">
<entry key="key" type="xstring" value="45"/>
<entry key="value" type="xstring" value="Bulgaria"/>
</config>
<config key="symbol_2">
<entry key="key" type="xstring" value="46"/>
<entry key="value" type="xstring" value="Belgium"/>
</config>
<config key="symbol_3">
<entry key="key" type="xstring" value="47"/>
<entry key="value" type="xstring" value="Lithuania"/>
</config>
<config key="symbol_4">
<entry key="key" type="xstring" value="48"/>
<entry key="value" type="xstring" value="Zimbabwe"/>
</config>
<config key="symbol_5">
<entry key="key" type="xstring" value="49"/>
<entry key="value" type="xstring" value="Mongolia"/>
</config>
<config key="symbol_6">
<entry key="key" type="xstring" value="50"/>
<entry key="value" type="xstring" value="Mexico"/>
</config>
<config key="symbol_7">
<entry key="key" type="xstring" value="51"/>
<entry key="value" type="xstring" value="Thailand"/>
</config>
<config key="symbol_8">
<entry key="key" type="xstring" value="52"/>
<entry key="value" type="xstring" value="Austria"/>
</config>
<config key="symbol_9">
<entry key="key" type="xstring" value="53"/>
<entry key="value" type="xstring" value="Latvia"/>
</config>
<config key="symbol_10">
<entry key="key" type="xstring" value="10"/>
<entry key="value" type="xstring" value="Netherlands"/>
</config>
<config key="symbol_11">
<entry key="key" type="xstring" value="54"/>
<entry key="value" type="xstring" value="Ireland"/>
</config>
<config key="symbol_12">
<entry key="key" type="xstring" value="11"/>
<entry key="value" type="xstring" value="Argentina"/>
</config>
<config key="symbol_13">
<entry key="key" type="xstring" value="55"/>
<entry key="value" type="xstring" value="Singapore"/>
</config>
<config key="symbol_14">
<entry key="key" type="xstring" value="12"/>
<entry key="value" type="xstring" value="Japan"/>
</config>
<config key="symbol_15">
<entry key="key" type="xstring" value="56"/>
<entry key="value" type="xstring" value="India"/>
</config>
<config key="symbol_16">
<entry key="key" type="xstring" value="13"/>
<entry key="value" type="xstring" value="Cuba"/>
</config>
<config key="symbol_17">
<entry key="key" type="xstring" value="57"/>
<entry key="value" type="xstring" value="Estonia"/>
</config>
<config key="symbol_18">
<entry key="key" type="xstring" value="14"/>
<entry key="value" type="xstring" value="Italy"/>
</config>
<config key="symbol_19">
<entry key="key" type="xstring" value="58"/>
<entry key="value" type="xstring" value="Morocco"/>
</config>
<config key="symbol_20">
<entry key="key" type="xstring" value="15"/>
<entry key="value" type="xstring" value="Canada"/>
</config>
<config key="symbol_21">
<entry key="key" type="xstring" value="59"/>
<entry key="value" type="xstring" value="Algeria"/>
</config>
<config key="symbol_22">
<entry key="key" type="xstring" value="16"/>
<entry key="value" type="xstring" value="Ukraine"/>
</config>
<config key="symbol_23">
<entry key="key" type="xstring" value="17"/>
<entry key="value" type="xstring" value="Hungary"/>
</config>
<config key="symbol_24">
<entry key="key" type="xstring" value="18"/>
<entry key="value" type="xstring" value="Nigeria"/>
</config>
<config key="symbol_25">
<entry key="key" type="xstring" value="19"/>
<entry key="value" type="xstring" value="Norway"/>
</config>
<config key="symbol_26">
<entry key="key" type="xstring" value="0"/>
<entry key="value" type="xstring" value="United States"/>
</config>
<config key="symbol_27">
<entry key="key" type="xstring" value="1"/>
<entry key="value" type="xstring" value="China"/>
</config>
<config key="symbol_28">
<entry key="key" type="xstring" value="2"/>
<entry key="value" type="xstring" value="Australia"/>
</config>
<config key="symbol_29">
<entry key="key" type="xstring" value="3"/>
<entry key="value" type="xstring" value="Russian Federation"/>
</config>
<config key="symbol_30">
<entry key="key" type="xstring" value="4"/>
<entry key="value" type="xstring" value="Germany"/>
</config>
<config key="symbol_31">
<entry key="key" type="xstring" value="5"/>
<entry key="value" type="xstring" value="Korea, Rep."/>
</config>
<config key="symbol_32">
<entry key="key" type="xstring" value="6"/>
<entry key="value" type="xstring" value="United Kingdom"/>
</config>
<config key="symbol_33">
<entry key="key" type="xstring" value="7"/>
<entry key="value" type="xstring" value="France"/>
</config>
<config key="symbol_34">
<entry key="key" type="xstring" value="8"/>
<entry key="value" type="xstring" value="Brazil"/>
</config>
<config key="symbol_35">
<entry key="key" type="xstring" value="9"/>
<entry key="value" type="xstring" value="Spain"/>
</config>
<config key="symbol_36">
<entry key="key" type="xstring" value="60"/>
<entry key="value" type="xstring" value="Colombia"/>
</config>
<config key="symbol_37">
<entry key="key" type="xstring" value="61"/>
<entry key="value" type="xstring" value="Kyrgyz Republic"/>
</config>
<config key="symbol_38">
<entry key="key" type="xstring" value="62"/>
<entry key="value" type="xstring" value="Portugal"/>
</config>
<config key="symbol_39">
<entry key="key" type="xstring" value="63"/>
<entry key="value" type="xstring" value="Dominican Republic"/>
</config>
<config key="symbol_40">
<entry key="key" type="xstring" value="20"/>
<entry key="value" type="xstring" value="Romania"/>
</config>
<config key="symbol_41">
<entry key="key" type="xstring" value="64"/>
<entry key="value" type="xstring" value="Iran, Islamic Rep."/>
</config>
<config key="symbol_42">
<entry key="key" type="xstring" value="21"/>
<entry key="value" type="xstring" value="Poland"/>
</config>
<config key="symbol_43">
<entry key="key" type="xstring" value="65"/>
<entry key="value" type="xstring" value="Tajikistan"/>
</config>
<config key="symbol_44">
<entry key="key" type="xstring" value="22"/>
<entry key="value" type="xstring" value="Denmark"/>
</config>
<config key="symbol_45">
<entry key="key" type="xstring" value="66"/>
<entry key="value" type="xstring" value="Egypt, Arab Rep."/>
</config>
<config key="symbol_46">
<entry key="key" type="xstring" value="23"/>
<entry key="value" type="xstring" value="Jamaica"/>
</config>
<config key="symbol_47">
<entry key="key" type="xstring" value="67"/>
<entry key="value" type="xstring" value="Ecuador"/>
</config>
<config key="symbol_48">
<entry key="key" type="xstring" value="24"/>
<entry key="value" type="xstring" value="Serbia"/>
</config>
<config key="symbol_49">
<entry key="key" type="xstring" value="68"/>
<entry key="value" type="xstring" value="Sudan"/>
</config>
<config key="symbol_50">
<entry key="key" type="xstring" value="25"/>
<entry key="value" type="xstring" value="Iceland"/>
</config>
<config key="symbol_51">
<entry key="key" type="xstring" value="69"/>
<entry key="value" type="xstring" value="South Africa"/>
</config>
<config key="symbol_52">
<entry key="key" type="xstring" value="26"/>
<entry key="value" type="xstring" value="Kenya"/>
</config>
<config key="symbol_53">
<entry key="key" type="xstring" value="27"/>
<entry key="value" type="xstring" value="New Zealand"/>
</config>
<config key="symbol_54">
<entry key="key" type="xstring" value="28"/>
<entry key="value" type="xstring" value="Kazakhstan"/>
</config>
<config key="symbol_55">
<entry key="key" type="xstring" value="29"/>
<entry key="value" type="xstring" value="Switzerland"/>
</config>
<config key="symbol_56">
<entry key="key" type="xstring" value="70"/>
<entry key="value" type="xstring" value="Israel"/>
</config>
<config key="symbol_57">
<entry key="key" type="xstring" value="71"/>
<entry key="value" type="xstring" value="Togo"/>
</config>
<config key="symbol_58">
<entry key="key" type="xstring" value="72"/>
<entry key="value" type="xstring" value="Moldova"/>
</config>
<config key="symbol_59">
<entry key="key" type="xstring" value="73"/>
<entry key="value" type="xstring" value="Tunisia"/>
</config>
<config key="symbol_60">
<entry key="key" type="xstring" value="30"/>
<entry key="value" type="xstring" value="Slovak Republic"/>
</config>
<config key="symbol_61">
<entry key="key" type="xstring" value="74"/>
<entry key="value" type="xstring" value="Panama"/>
</config>
<config key="symbol_62">
<entry key="key" type="xstring" value="31"/>
<entry key="value" type="xstring" value="Turkey"/>
</config>
<config key="symbol_63">
<entry key="key" type="xstring" value="75"/>
<entry key="value" type="xstring" value="Chile"/>
</config>
<config key="symbol_64">
<entry key="key" type="xstring" value="32"/>
<entry key="value" type="xstring" value="Ethiopia"/>
</config>
<config key="symbol_65">
<entry key="key" type="xstring" value="76"/>
<entry key="value" type="xstring" value="Cameroon"/>
</config>
<config key="symbol_66">
<entry key="key" type="xstring" value="33"/>
<entry key="value" type="xstring" value="Indonesia"/>
</config>
<config key="symbol_67">
<entry key="key" type="xstring" value="77"/>
<entry key="value" type="xstring" value="Malaysia"/>
</config>
<config key="symbol_68">
<entry key="key" type="xstring" value="34"/>
<entry key="value" type="xstring" value="Greece"/>
</config>
<config key="symbol_69">
<entry key="key" type="xstring" value="78"/>
<entry key="value" type="xstring" value="Mauritius"/>
</config>
<config key="symbol_70">
<entry key="key" type="xstring" value="35"/>
<entry key="value" type="xstring" value="Sweden"/>
</config>
<config key="symbol_71">
<entry key="key" type="xstring" value="79"/>
<entry key="value" type="xstring" value="Venezuela, RB"/>
</config>
<config key="symbol_72">
<entry key="key" type="xstring" value="36"/>
<entry key="value" type="xstring" value="Czech Republic"/>
</config>
<config key="symbol_73">
<entry key="key" type="xstring" value="37"/>
<entry key="value" type="xstring" value="Azerbaijan"/>
</config>
<config key="symbol_74">
<entry key="key" type="xstring" value="38"/>
<entry key="value" type="xstring" value="Georgia"/>
</config>
<config key="symbol_75">
<entry key="key" type="xstring" value="39"/>
<entry key="value" type="xstring" value="Armenia"/>
</config>
<config key="symbol_76">
<entry key="key" type="xstring" value="80"/>
<entry key="value" type="xstring" value="Vietnam"/>
</config>
<config key="symbol_77">
<entry key="key" type="xstring" value="81"/>
<entry key="value" type="xstring" value="Afghanistan"/>
</config>
<config key="symbol_78">
<entry key="key" type="xstring" value="40"/>
<entry key="value" type="xstring" value="Uzbekistan"/>
</config>
<config key="symbol_79">
<entry key="key" type="xstring" value="41"/>
<entry key="value" type="xstring" value="Finland"/>
</config>
<config key="symbol_80">
<entry key="key" type="xstring" value="42"/>
<entry key="value" type="xstring" value="Slovenia"/>
</config>
<config key="symbol_81">
<entry key="key" type="xstring" value="43"/>
<entry key="value" type="xstring" value="Trinidad and Tobago"/>
</config>
</config>
<config key="symbols_1">
<entry key="index" type="xint" value="3"/>
<entry key="numSymbols" type="xint" value="82"/>
<config key="symbol_0">
<entry key="key" type="xstring" value="44"/>
<entry key="value" type="xstring" value="HR"/>
</config>
<config key="symbol_1">
<entry key="key" type="xstring" value="45"/>
<entry key="value" type="xstring" value="BG"/>
</config>
<config key="symbol_2">
<entry key="key" type="xstring" value="46"/>
<entry key="value" type="xstring" value="BE"/>
</config>
<config key="symbol_3">
<entry key="key" type="xstring" value="47"/>
<entry key="value" type="xstring" value="LT"/>
</config>
<config key="symbol_4">
<entry key="key" type="xstring" value="48"/>
<entry key="value" type="xstring" value="ZW"/>
</config>
<config key="symbol_5">
<entry key="key" type="xstring" value="49"/>
<entry key="value" type="xstring" value="MN"/>
</config>
<config key="symbol_6">
<entry key="key" type="xstring" value="50"/>
<entry key="value" type="xstring" value="MX"/>
</config>
<config key="symbol_7">
<entry key="key" type="xstring" value="51"/>
<entry key="value" type="xstring" value="TH"/>
</config>
<config key="symbol_8">
<entry key="key" type="xstring" value="52"/>
<entry key="value" type="xstring" value="AT"/>
</config>
<config key="symbol_9">
<entry key="key" type="xstring" value="53"/>
<entry key="value" type="xstring" value="LV"/>
</config>
<config key="symbol_10">
<entry key="key" type="xstring" value="10"/>
<entry key="value" type="xstring" value="NL"/>
</config>
<config key="symbol_11">
<entry key="key" type="xstring" value="54"/>
<entry key="value" type="xstring" value="IE"/>
</config>
<config key="symbol_12">
<entry key="key" type="xstring" value="11"/>
<entry key="value" type="xstring" value="AR"/>
</config>
<config key="symbol_13">
<entry key="key" type="xstring" value="55"/>
<entry key="value" type="xstring" value="SG"/>
</config>
<config key="symbol_14">
<entry key="key" type="xstring" value="12"/>
<entry key="value" type="xstring" value="JP"/>
</config>
<config key="symbol_15">
<entry key="key" type="xstring" value="56"/>
<entry key="value" type="xstring" value="IN"/>
</config>
<config key="symbol_16">
<entry key="key" type="xstring" value="13"/>
<entry key="value" type="xstring" value="CU"/>
</config>
<config key="symbol_17">
<entry key="key" type="xstring" value="57"/>
<entry key="value" type="xstring" value="EE"/>
</config>
<config key="symbol_18">
<entry key="key" type="xstring" value="14"/>
<entry key="value" type="xstring" value="IT"/>
</config>
<config key="symbol_19">
<entry key="key" type="xstring" value="58"/>
<entry key="value" type="xstring" value="MA"/>
</config>
<config key="symbol_20">
<entry key="key" type="xstring" value="15"/>
<entry key="value" type="xstring" value="CA"/>
</config>
<config key="symbol_21">
<entry key="key" type="xstring" value="59"/>
<entry key="value" type="xstring" value="DZ"/>
</config>
<config key="symbol_22">
<entry key="key" type="xstring" value="16"/>
<entry key="value" type="xstring" value="UA"/>
</config>
<config key="symbol_23">
<entry key="key" type="xstring" value="17"/>
<entry key="value" type="xstring" value="HU"/>
</config>
<config key="symbol_24">
<entry key="key" type="xstring" value="18"/>
<entry key="value" type="xstring" value="NG"/>
</config>
<config key="symbol_25">
<entry key="key" type="xstring" value="19"/>
<entry key="value" type="xstring" value="NO"/>
</config>
<config key="symbol_26">
<entry key="key" type="xstring" value="0"/>
<entry key="value" type="xstring" value="US"/>
</config>
<config key="symbol_27">
<entry key="key" type="xstring" value="1"/>
<entry key="value" type="xstring" value="CN"/>
</config>
<config key="symbol_28">
<entry key="key" type="xstring" value="2"/>
<entry key="value" type="xstring" value="AU"/>
</config>
<config key="symbol_29">
<entry key="key" type="xstring" value="3"/>
<entry key="value" type="xstring" value="RU"/>
</config>
<config key="symbol_30">
<entry key="key" type="xstring" value="4"/>
<entry key="value" type="xstring" value="DE"/>
</config>
<config key="symbol_31">
<entry key="key" type="xstring" value="5"/>
<entry key="value" type="xstring" value="KR"/>
</config>
<config key="symbol_32">
<entry key="key" type="xstring" value="6"/>
<entry key="value" type="xstring" value="GB"/>
</config>
<config key="symbol_33">
<entry key="key" type="xstring" value="7"/>
<entry key="value" type="xstring" value="FR"/>
</config>
<config key="symbol_34">
<entry key="key" type="xstring" value="8"/>
<entry key="value" type="xstring" value="BR"/>
</config>
<config key="symbol_35">
<entry key="key" type="xstring" value="9"/>
<entry key="value" type="xstring" value="ES"/>
</config>
<config key="symbol_36">
<entry key="key" type="xstring" value="60"/>
<entry key="value" type="xstring" value="CO"/>
</config>
<config key="symbol_37">
<entry key="key" type="xstring" value="61"/>
<entry key="value" type="xstring" value="KG"/>
</config>
<config key="symbol_38">
<entry key="key" type="xstring" value="62"/>
<entry key="value" type="xstring" value="PT"/>
</config>
<config key="symbol_39">
<entry key="key" type="xstring" value="63"/>
<entry key="value" type="xstring" value="DO"/>
</config>
<config key="symbol_40">
<entry key="key" type="xstring" value="20"/>
<entry key="value" type="xstring" value="RO"/>
</config>
<config key="symbol_41">
<entry key="key" type="xstring" value="64"/>
<entry key="value" type="xstring" value="IR"/>
</config>
<config key="symbol_42">
<entry key="key" type="xstring" value="21"/>
<entry key="value" type="xstring" value="PL"/>
</config>
<config key="symbol_43">
<entry key="key" type="xstring" value="65"/>
<entry key="value" type="xstring" value="TJ"/>
</config>
<config key="symbol_44">
<entry key="key" type="xstring" value="22"/>
<entry key="value" type="xstring" value="DK"/>
</config>
<config key="symbol_45">
<entry key="key" type="xstring" value="66"/>
<entry key="value" type="xstring" value="EG"/>
</config>
<config key="symbol_46">
<entry key="key" type="xstring" value="23"/>
<entry key="value" type="xstring" value="JM"/>
</config>
<config key="symbol_47">
<entry key="key" type="xstring" value="67"/>
<entry key="value" type="xstring" value="EC"/>
</config>
<config key="symbol_48">
<entry key="key" type="xstring" value="24"/>
<entry key="value" type="xstring" value="RS"/>
</config>
<config key="symbol_49">
<entry key="key" type="xstring" value="68"/>
<entry key="value" type="xstring" value="SD"/>
</config>
<config key="symbol_50">
<entry key="key" type="xstring" value="25"/>
<entry key="value" type="xstring" value="IS"/>
</config>
<config key="symbol_51">
<entry key="key" type="xstring" value="69"/>
<entry key="value" type="xstring" value="ZA"/>
</config>
<config key="symbol_52">
<entry key="key" type="xstring" value="26"/>
<entry key="value" type="xstring" value="KE"/>
</config>
<config key="symbol_53">
<entry key="key" type="xstring" value="27"/>
<entry key="value" type="xstring" value="NZ"/>
</config>
<config key="symbol_54">
<entry key="key" type="xstring" value="28"/>
<entry key="value" type="xstring" value="KZ"/>
</config>
<config key="symbol_55">
<entry key="key" type="xstring" value="29"/>
<entry key="value" type="xstring" value="CH"/>
</config>
<config key="symbol_56">
<entry key="key" type="xstring" value="70"/>
<entry key="value" type="xstring" value="IL"/>
</config>
<config key="symbol_57">
<entry key="key" type="xstring" value="71"/>
<entry key="value" type="xstring" value="TG"/>
</config>
<config key="symbol_58">
<entry key="key" type="xstring" value="72"/>
<entry key="value" type="xstring" value="MD"/>
</config>
<config key="symbol_59">
<entry key="key" type="xstring" value="73"/>
<entry key="value" type="xstring" value="TN"/>
</config>
<config key="symbol_60">
<entry key="key" type="xstring" value="30"/>
<entry key="value" type="xstring" value="SK"/>
</config>
<config key="symbol_61">
<entry key="key" type="xstring" value="74"/>
<entry key="value" type="xstring" value="PA"/>
</config>
<config key="symbol_62">
<entry key="key" type="xstring" value="31"/>
<entry key="value" type="xstring" value="TR"/>
</config>
<config key="symbol_63">
<entry key="key" type="xstring" value="75"/>
<entry key="value" type="xstring" value="CL"/>
</config>
<config key="symbol_64">
<entry key="key" type="xstring" value="32"/>
<entry key="value" type="xstring" value="ET"/>
</config>
<config key="symbol_65">
<entry key="key" type="xstring" value="76"/>
<entry key="value" type="xstring" value="CM"/>
</config>
<config key="symbol_66">
<entry key="key" type="xstring" value="33"/>
<entry key="value" type="xstring" value="ID"/>
</config>
<config key="symbol_67">
<entry key="key" type="xstring" value="77"/>
<entry key="value" type="xstring" value="MY"/>
</config>
<config key="symbol_68">
<entry key="key" type="xstring" value="34"/>
<entry key="value" type="xstring" value="GR"/>
</config>
<config key="symbol_69">
<entry key="key" type="xstring" value="78"/>
<entry key="value" type="xstring" value="MU"/>
</config>
<config key="symbol_70">
<entry key="key" type="xstring" value="35"/>
<entry key="value" type="xstring" value="SE"/>
</config>
<config key="symbol_71">
<entry key="key" type="xstring" value="79"/>
<entry key="value" type="xstring" value="VE"/>
</config>
<config key="symbol_72">
<entry key="key" type="xstring" value="36"/>
<entry key="value" type="xstring" value="CZ"/>
</config>
<config key="symbol_73">
<entry key="key" type="xstring" value="37"/>
<entry key="value" type="xstring" value="AZ"/>
</config>
<config key="symbol_74">
<entry key="key" type="xstring" value="38"/>
<entry key="value" type="xstring" value="GE"/>
</config>
<config key="symbol_75">
<entry key="key" type="xstring" value="39"/>
<entry key="value" type="xstring" value="AM"/>
</config>
<config key="symbol_76">
<entry key="key" type="xstring" value="80"/>
<entry key="value" type="xstring" value="VN"/>
</config>
<config key="symbol_77">
<entry key="key" type="xstring" value="81"/>
<entry key="value" type="xstring" value="AF"/>
</config>
<config key="symbol_78">
<entry key="key" type="xstring" value="40"/>
<entry key="value" type="xstring" value="UZ"/>
</config>
<config key="symbol_79">
<entry key="key" type="xstring" value="41"/>
<entry key="value" type="xstring" value="FI"/>
</config>
<config key="symbol_80">
<entry key="key" type="xstring" value="42"/>
<entry key="value" type="xstring" value="SI"/>
</config>
<config key="symbol_81">
<entry key="key" type="xstring" value="43"/>
<entry key="value" type="xstring" value="TT"/>
</config>
</config>
<config key="columnColors">
<entry key="array-size" type="xint" value="8"/>
<entry key="0" type="xstring" isnull="true" value=""/>
<entry key="1" type="xstring" isnull="true" value=""/>
<entry key="2" type="xstring" isnull="true" value=""/>
<entry key="3" type="xstring" isnull="true" value=""/>
<entry key="4" type="xstring" isnull="true" value=""/>
<entry key="5" type="xstring" isnull="true" value=""/>
<entry key="6" type="xstring" isnull="true" value=""/>
<entry key="7" type="xstring" isnull="true" value=""/>
</config>
<config key="dateTimeFormats">
<entry key="array-size" type="xint" value="8"/>
<entry key="0" type="xstring" isnull="true" value=""/>
<entry key="1" type="xstring" isnull="true" value=""/>
<entry key="2" type="xstring" isnull="true" value=""/>
<entry key="3" type="xstring" isnull="true" value=""/>
<entry key="4" type="xstring" isnull="true" value=""/>
<entry key="5" type="xstring" isnull="true" value=""/>
<entry key="6" type="xstring" isnull="true" value=""/>
<entry key="7" type="xstring" isnull="true" value=""/>
</config>
<entry key="colPropsSize" type="xint" value="2"/>
<entry key="numRows" type="xint" value="82"/>
<config key="row_0">
<entry key="rowKey" type="xstring" value="Row0_204"/>
<config key="values">
<entry key="array-size" type="xint" value="8"/>
<entry key="0" type="xstring" value="2008.0"/>
<entry key="1" type="xstring" value="315.0"/>
<entry key="2" type="xstring" value="0.0"/>
<entry key="3" type="xstring" value="0.0"/>
<entry key="4" type="xstring" value="48382.5584490552"/>
<entry key="5" type="xstring" value="3.04093966E8"/>
<entry key="6" type="xstring" value="10.786894665135684"/>
<entry key="7" type="xstring" value="19.53284731029355"/>
</config>
<entry key="numProperties" type="xint" value="1"/>
<config key="property_0">
<entry key="key" type="xstring" value="color"/>
<entry key="value" type="xstring" value="#404040"/>
</config>
</config>
<config key="row_1">
<entry key="rowKey" type="xstring" value="Row1_37"/>
<config key="values">
<entry key="array-size" type="xint" value="8"/>
<entry key="0" type="xstring" value="2008.0"/>
<entry key="1" type="xstring" value="184.0"/>
<entry key="2" type="xstring" value="1.0"/>
<entry key="3" type="xstring" value="1.0"/>
<entry key="4" type="xstring" value="3468.30446324747"/>
<entry key="5" type="xstring" value="1.324655E9"/>
<entry key="6" type="xstring" value="8.151421126217476"/>
<entry key="7" type="xstring" value="21.004417885122038"/>
</config>
<entry key="numProperties" type="xint" value="1"/>
<config key="property_0">
<entry key="key" type="xstring" value="color"/>
<entry key="value" type="xstring" value="#404040"/>
</config>
</config>
<config key="row_2">
<entry key="rowKey" type="xstring" value="Row2_11"/>
<config key="values">
<entry key="array-size" type="xint" value="8"/>
<entry key="0" type="xstring" value="2008.0"/>
<entry key="1" type="xstring" value="149.0"/>
<entry key="2" type="xstring" value="2.0"/>
<entry key="3" type="xstring" value="2.0"/>
<entry key="4" type="xstring" value="49601.6567082178"/>
<entry key="5" type="xstring" value="2.12492E7"/>
<entry key="6" type="xstring" value="10.811779513530563"/>
<entry key="7" type="xstring" value="16.87182980556721"/>
</config>
<entry key="numProperties" type="xint" value="1"/>
<config key="property_0">
<entry key="key" type="xstring" value="color"/>
<entry key="value" type="xstring" value="#404040"/>
</config>
</config>
<config key="row_3">
<entry key="rowKey" type="xstring" value="Row3_165"/>
<config key="values">
<entry key="array-size" type="xint" value="8"/>
<entry key="0" type="xstring" value="2008.0"/>
<entry key="1" type="xstring" value="143.0"/>
<entry key="2" type="xstring" value="3.0"/>
<entry key="3" type="xstring" value="3.0"/>
<entry key="4" type="xstring" value="11635.2729337888"/>
<entry key="5" type="xstring" value="1.42742366E8"/>
<entry key="6" type="xstring" value="9.361796533457717"/>
<entry key="7" type="xstring" value="18.776551926961808"/>
</config>
<entry key="numProperties" type="xint" value="1"/>
<config key="property_0">
<entry key="key" type="xstring" value="color"/>
<entry key="value" type="xstring" value="#404040"/>
</config>
</config>
<config key="row_4">
<entry key="rowKey" type="xstring" value="Row4_51"/>
<config key="values">
<entry key="array-size" type="xint" value="8"/>
<entry key="0" type="xstring" value="2008.0"/>
<entry key="1" type="xstring" value="101.0"/>
<entry key="2" type="xstring" value="4.0"/>
<entry key="3" type="xstring" value="4.0"/>
<entry key="4" type="xstring" value="45427.151677489"/>
<entry key="5" type="xstring" value="8.2110097E7"/>
<entry key="6" type="xstring" value="10.723865259836318"/>
<entry key="7" type="xstring" value="18.223571551026374"/>
</config>
<entry key="numProperties" type="xint" value="1"/>
<config key="property_0">
<entry key="key" type="xstring" value="color"/>
<entry key="value" type="xstring" value="#404040"/>
</config>
</config>
<config key="row_5">
<entry key="rowKey" type="xstring" value="Row5_105"/>
<config key="values">
<entry key="array-size" type="xint" value="8"/>
<entry key="0" type="xstring" value="2008.0"/>
<entry key="1" type="xstring" value="78.0"/>
<entry key="2" type="xstring" value="5.0"/>
<entry key="3" type="xstring" value="5.0"/>
<entry key="4" type="xstring" value="21350.427979823"/>
<entry key="5" type="xstring" value="4.9054708E7"/>
<entry key="6" type="xstring" value="9.968827064349204"/>
<entry key="7" type="xstring" value="17.70844672305962"/>
</config>
<entry key="numProperties" type="xint" value="1"/>
<config key="property_0">
<entry key="key" type="xstring" value="color"/>
<entry key="value" type="xstring" value="#404040"/>
</config>
</config>
<config key="row_6">
<entry key="rowKey" type="xstring" value="Row6_69"/>
<config key="values">
<entry key="array-size" type="xint" value="8"/>
<entry key="0" type="xstring" value="2008.0"/>
<entry key="1" type="xstring" value="77.0"/>
<entry key="2" type="xstring" value="6.0"/>
<entry key="3" type="xstring" value="6.0"/>
<entry key="4" type="xstring" value="47286.9984928367"/>
<entry key="5" type="xstring" value="6.1806995E7"/>
<entry key="6" type="xstring" value="10.763990663393885"/>
<entry key="7" type="xstring" value="17.93952710372494"/>
</config>
<entry key="numProperties" type="xint" value="1"/>
<config key="property_0">
<entry key="key" type="xstring" value="color"/>
<entry key="value" type="xstring" value="#404040"/>
</config>
</config>
<config key="row_7">
<entry key="rowKey" type="xstring" value="Row7_65"/>
<config key="values">
<entry key="array-size" type="xint" value="8"/>
<entry key="0" type="xstring" value="2008.0"/>
<entry key="1" type="xstring" value="76.0"/>
<entry key="2" type="xstring" value="7.0"/>
<entry key="3" type="xstring" value="7.0"/>
<entry key="4" type="xstring" value="45334.1144358246"/>
<entry key="5" type="xstring" value="6.4374984E7"/>
<entry key="6" type="xstring" value="10.721815106103655"/>
<entry key="7" type="xstring" value="17.980235668404454"/>
</config>
<entry key="numProperties" type="xint" value="1"/>
<config key="property_0">
<entry key="key" type="xstring" value="color"/>
<entry key="value" type="xstring" value="#404040"/>
</config>
</config>
<config key="row_8">
<entry key="rowKey" type="xstring" value="Row8_27"/>
<config key="values">
<entry key="array-size" type="xint" value="8"/>
<entry key="0" type="xstring" value="2008.0"/>
<entry key="1" type="xstring" value="75.0"/>
<entry key="2" type="xstring" value="8.0"/>
<entry key="3" type="xstring" value="8.0"/>
<entry key="4" type="xstring" value="8831.02311697566"/>
<entry key="5" type="xstring" value="1.92030362E8"/>
<entry key="6" type="xstring" value="9.08602615517296"/>
<entry key="7" type="xstring" value="19.073164052906634"/>
</config>
<entry key="numProperties" type="xint" value="1"/>
<config key="property_0">
<entry key="key" type="xstring" value="color"/>
<entry key="value" type="xstring" value="#404040"/>
</config>
</config>
<config key="row_9">
<entry key="rowKey" type="xstring" value="Row9_60"/>
<config key="values">
<entry key="array-size" type="xint" value="8"/>
<entry key="0" type="xstring" value="2008.0"/>
<entry key="1" type="xstring" value="71.0"/>
<entry key="2" type="xstring" value="9.0"/>
<entry key="3" type="xstring" value="9.0"/>
<entry key="4" type="xstring" value="35366.2596011983"/>
<entry key="5" type="xstring" value="4.5954106E7"/>
<entry key="6" type="xstring" value="10.473513526005284"/>
<entry key="7" type="xstring" value="17.643153760771607"/>
</config>
<entry key="numProperties" type="xint" value="1"/>
<config key="property_0">
<entry key="key" type="xstring" value="color"/>
<entry key="value" type="xstring" value="#404040"/>
</config>
</config>
<config key="row_10">
<entry key="rowKey" type="xstring" value="Row10_144"/>
<config key="values">
<entry key="array-size" type="xint" value="8"/>
<entry key="0" type="xstring" value="2008.0"/>
<entry key="1" type="xstring" value="62.0"/>
<entry key="2" type="xstring" value="10.0"/>
<entry key="3" type="xstring" value="10.0"/>
<entry key="4" type="xstring" value="57644.4799749353"/>
<entry key="5" type="xstring" value="1.6445593E7"/>
<entry key="6" type="xstring" value="10.962049770461219"/>
<entry key="7" type="xstring" value="16.615568096547744"/>
</config>
<entry key="numProperties" type="xint" value="1"/>
<config key="property_0">
<entry key="key" type="xstring" value="color"/>
<entry key="value" type="xstring" value="#404040"/>
</config>
</config>
<config key="row_11">
<entry key="rowKey" type="xstring" value="Row11_7"/>
<config key="values">
<entry key="array-size" type="xint" value="8"/>
<entry key="0" type="xstring" value="2008.0"/>
<entry key="1" type="xstring" value="51.0"/>
<entry key="2" type="xstring" value="11.0"/>
<entry key="3" type="xstring" value="11.0"/>
<entry key="4" type="xstring" value="9020.87309807194"/>
<entry key="5" type="xstring" value="4.008016E7"/>
<entry key="6" type="xstring" value="9.107296404167373"/>
<entry key="7" type="xstring" value="17.506392006748882"/>
</config>
<entry key="numProperties" type="xint" value="1"/>
<config key="property_0">
<entry key="key" type="xstring" value="color"/>
<entry key="value" type="xstring" value="#404040"/>
</config>
</config>
<config key="row_12">
<entry key="rowKey" type="xstring" value="Row12_98"/>
<config key="values">
<entry key="array-size" type="xint" value="8"/>
<entry key="0" type="xstring" value="2008.0"/>
<entry key="1" type="xstring" value="51.0"/>
<entry key="2" type="xstring" value="12.0"/>
<entry key="3" type="xstring" value="12.0"/>
<entry key="4" type="xstring" value="39339.2975731826"/>
<entry key="5" type="xstring" value="1.28063E8"/>
<entry key="6" type="xstring" value="10.579979236501044"/>
<entry key="7" type="xstring" value="18.668032888299354"/>
</config>
<entry key="numProperties" type="xint" value="1"/>
<config key="property_0">
<entry key="key" type="xstring" value="color"/>
<entry key="value" type="xstring" value="#404040"/>
</config>
</config>
<config key="row_13">
<entry key="rowKey" type="xstring" value="Row13_46"/>
<config key="values">
<entry key="array-size" type="xint" value="8"/>
<entry key="0" type="xstring" value="2008.0"/>
<entry key="1" type="xstring" value="47.0"/>
<entry key="2" type="xstring" value="13.0"/>
<entry key="3" type="xstring" value="13.0"/>
<entry key="4" type="xstring" value="5411.27141824963"/>
<entry key="5" type="xstring" value="1.1236971E7"/>
<entry key="6" type="xstring" value="8.596239356844848"/>
<entry key="7" type="xstring" value="16.23471988212672"/>
</config>
<entry key="numProperties" type="xint" value="1"/>
<config key="property_0">
<entry key="key" type="xstring" value="color"/>
<entry key="value" type="xstring" value="#404040"/>
</config>
</config>
<config key="row_14">
<entry key="rowKey" type="xstring" value="Row14_95"/>
<config key="values">
<entry key="array-size" type="xint" value="8"/>
<entry key="0" type="xstring" value="2008.0"/>
<entry key="1" type="xstring" value="42.0"/>
<entry key="2" type="xstring" value="14.0"/>
<entry key="3" type="xstring" value="14.0"/>
<entry key="4" type="xstring" value="40778.3427367209"/>
<entry key="5" type="xstring" value="5.8826731E7"/>
<entry key="6" type="xstring" value="10.615906404183502"/>
<entry key="7" type="xstring" value="17.8901069184091"/>
</config>
<entry key="numProperties" type="xint" value="1"/>
<config key="property_0">
<entry key="key" type="xstring" value="color"/>
<entry key="value" type="xstring" value="#404040"/>
</config>
</config>
<config key="row_15">
<entry key="rowKey" type="xstring" value="Row15_33"/>
<config key="values">
<entry key="array-size" type="xint" value="8"/>
<entry key="0" type="xstring" value="2008.0"/>
<entry key="1" type="xstring" value="34.0"/>
<entry key="2" type="xstring" value="15.0"/>
<entry key="3" type="xstring" value="15.0"/>
<entry key="4" type="xstring" value="46594.4509535289"/>
<entry key="5" type="xstring" value="3.3247118E7"/>
<entry key="6" type="xstring" value="10.749236734772907"/>
<entry key="7" type="xstring" value="17.319478644617767"/>
</config>
<entry key="numProperties" type="xint" value="1"/>
<config key="property_0">
<entry key="key" type="xstring" value="color"/>
<entry key="value" type="xstring" value="#404040"/>
</config>
</config>
<config key="row_16">
<entry key="rowKey" type="xstring" value="Row16_202"/>
<config key="values">
<entry key="array-size" type="xint" value="8"/>
<entry key="0" type="xstring" value="2008.0"/>
<entry key="1" type="xstring" value="31.0"/>
<entry key="2" type="xstring" value="16.0"/>
<entry key="3" type="xstring" value="16.0"/>
<entry key="4" type="xstring" value="3887.24233680525"/>
<entry key="5" type="xstring" value="4.6258189E7"/>
<entry key="6" type="xstring" value="8.2654552743694"/>
<entry key="7" type="xstring" value="17.649749065708992"/>
</config>
<entry key="numProperties" type="xint" value="1"/>
<config key="property_0">
<entry key="key" type="xstring" value="color"/>
<entry key="value" type="xstring" value="#404040"/>
</config>
</config>
<config key="row_17">
<entry key="rowKey" type="xstring" value="Row18_86"/>
<config key="values">
<entry key="array-size" type="xint" value="8"/>
<entry key="0" type="xstring" value="2008.0"/>
<entry key="1" type="xstring" value="27.0"/>
<entry key="2" type="xstring" value="17.0"/>
<entry key="3" type="xstring" value="17.0"/>
<entry key="4" type="xstring" value="15753.4732840195"/>
<entry key="5" type="xstring" value="1.0038188E7"/>
<entry key="6" type="xstring" value="9.664816145910994"/>
<entry key="7" type="xstring" value="16.121907177852076"/>
</config>
<entry key="numProperties" type="xint" value="1"/>
<config key="property_0">
<entry key="key" type="xstring" value="color"/>
<entry key="value" type="xstring" value="#404040"/>
</config>
</config>
<config key="row_18">
<entry key="rowKey" type="xstring" value="Row19_142"/>
<config key="values">
<entry key="array-size" type="xint" value="8"/>
<entry key="0" type="xstring" value="2008.0"/>
<entry key="1" type="xstring" value="24.0"/>
<entry key="2" type="xstring" value="18.0"/>
<entry key="3" type="xstring" value="18.0"/>
<entry key="4" type="xstring" value="2242.87188553694"/>
<entry key="5" type="xstring" value="1.50269623E8"/>
<entry key="6" type="xstring" value="7.71551241542882"/>
<entry key="7" type="xstring" value="18.8279417251813"/>
</config>
<entry key="numProperties" type="xint" value="1"/>
<config key="property_0">
<entry key="key" type="xstring" value="color"/>
<entry key="value" type="xstring" value="#404040"/>
</config>
</config>
<config key="row_19">
<entry key="rowKey" type="xstring" value="Row20_145"/>
<config key="values">
<entry key="array-size" type="xint" value="8"/>
<entry key="0" type="xstring" value="2008.0"/>
<entry key="1" type="xstring" value="22.0"/>
<entry key="2" type="xstring" value="19.0"/>
<entry key="3" type="xstring" value="19.0"/>
<entry key="4" type="xstring" value="96944.0956064873"/>
<entry key="5" type="xstring" value="4768212.0"/>
<entry key="6" type="xstring" value="11.481889757387528"/>
<entry key="7" type="xstring" value="15.377481949826118"/>
</config>
<entry key="numProperties" type="xint" value="1"/>
<config key="property_0">
<entry key="key" type="xstring" value="color"/>
<entry key="value" type="xstring" value="#404040"/>
</config>
</config>
<config key="row_20">
<entry key="rowKey" type="xstring" value="Row21_164"/>
<config key="values">
<entry key="array-size" type="xint" value="8"/>
<entry key="0" type="xstring" value="2008.0"/>
<entry key="1" type="xstring" value="22.0"/>
<entry key="2" type="xstring" value="20.0"/>
<entry key="3" type="xstring" value="20.0"/>
<entry key="4" type="xstring" value="10435.0439841037"/>
<entry key="5" type="xstring" value="2.0537875E7"/>
<entry key="6" type="xstring" value="9.252925034557876"/>
<entry key="7" type="xstring" value="16.837781300442764"/>
</config>
<entry key="numProperties" type="xint" value="1"/>
<config key="property_0">
<entry key="key" type="xstring" value="color"/>
<entry key="value" type="xstring" value="#404040"/>
</config>
</config>
<config key="row_21">
<entry key="rowKey" type="xstring" value="Row22_156"/>
<config key="values">
<entry key="array-size" type="xint" value="8"/>
<entry key="0" type="xstring" value="2008.0"/>
<entry key="1" type="xstring" value="20.0"/>
<entry key="2" type="xstring" value="21.0"/>
<entry key="3" type="xstring" value="21.0"/>
<entry key="4" type="xstring" value="14001.3815599165"/>
<entry key="5" type="xstring" value="3.8125759E7"/>
<entry key="6" type="xstring" value="9.546911286579743"/>
<entry key="7" type="xstring" value="17.456400700890406"/>
</config>
<entry key="numProperties" type="xint" value="1"/>
<config key="property_0">
<entry key="key" type="xstring" value="color"/>
<entry key="value" type="xstring" value="#404040"/>
</config>
</config>
<config key="row_22">
<entry key="rowKey" type="xstring" value="Row23_54"/>
<config key="values">
<entry key="array-size" type="xint" value="8"/>
<entry key="0" type="xstring" value="2008.0"/>
<entry key="1" type="xstring" value="18.0"/>
<entry key="2" type="xstring" value="22.0"/>
<entry key="3" type="xstring" value="22.0"/>
<entry key="4" type="xstring" value="64322.0635020842"/>
<entry key="5" type="xstring" value="5493621.0"/>
<entry key="6" type="xstring" value="11.071657985149248"/>
<entry key="7" type="xstring" value="15.519098158911268"/>
</config>
<entry key="numProperties" type="xint" value="1"/>
<config key="property_0">
<entry key="key" type="xstring" value="color"/>
<entry key="value" type="xstring" value="#404040"/>
</config>
</config>
<config key="row_23">
<entry key="rowKey" type="xstring" value="Row24_96"/>
<config key="values">
<entry key="array-size" type="xint" value="8"/>
<entry key="0" type="xstring" value="2008.0"/>
<entry key="1" type="xstring" value="17.0"/>
<entry key="2" type="xstring" value="23.0"/>
<entry key="3" type="xstring" value="23.0"/>
<entry key="4" type="xstring" value="4917.71839830304"/>
<entry key="5" type="xstring" value="2781876.0"/>
<entry key="6" type="xstring" value="8.500599961743312"/>
<entry key="7" type="xstring" value="14.838636078221974"/>
</config>
<entry key="numProperties" type="xint" value="1"/>
<config key="property_0">
<entry key="key" type="xstring" value="color"/>
<entry key="value" type="xstring" value="#404040"/>
</config>
</config>
<config key="row_24">
<entry key="rowKey" type="xstring" value="Row25_176"/>
<config key="values">
<entry key="array-size" type="xint" value="8"/>
<entry key="0" type="xstring" value="2008.0"/>
<entry key="1" type="xstring" value="15.0"/>
<entry key="2" type="xstring" value="24.0"/>
<entry key="3" type="xstring" value="24.0"/>
<entry key="4" type="xstring" value="7101.04014116862"/>
<entry key="5" type="xstring" value="7350222.0"/>
<entry key="6" type="xstring" value="8.867996551055656"/>
<entry key="7" type="xstring" value="15.810241074814519"/>
</config>
<entry key="numProperties" type="xint" value="1"/>
<config key="property_0">
<entry key="key" type="xstring" value="color"/>
<entry key="value" type="xstring" value="#404040"/>
</config>
</config>
<config key="row_25">
<entry key="rowKey" type="xstring" value="Row26_93"/>
<config key="values">
<entry key="array-size" type="xint" value="8"/>
<entry key="0" type="xstring" value="2008.0"/>
<entry key="1" type="xstring" value="14.0"/>
<entry key="2" type="xstring" value="25.0"/>
<entry key="3" type="xstring" value="25.0"/>
<entry key="4" type="xstring" value="56409.7730986878"/>
<entry key="5" type="xstring" value="317414.0"/>
<entry key="6" type="xstring" value="10.940397704366205"/>
<entry key="7" type="xstring" value="12.667962194482293"/>
</config>
<entry key="numProperties" type="xint" value="1"/>
<config key="property_0">
<entry key="key" type="xstring" value="color"/>
<entry key="value" type="xstring" value="#404040"/>
</config>
</config>
<config key="row_26">
<entry key="rowKey" type="xstring" value="Row27_100"/>
<config key="values">
<entry key="array-size" type="xint" value="8"/>
<entry key="0" type="xstring" value="2008.0"/>
<entry key="1" type="xstring" value="14.0"/>
<entry key="2" type="xstring" value="26.0"/>
<entry key="3" type="xstring" value="26.0"/>
<entry key="4" type="xstring" value="902.070025813736"/>
<entry key="5" type="xstring" value="3.9791981E7"/>
<entry key="6" type="xstring" value="6.804692150989106"/>
<entry key="7" type="xstring" value="17.499175967542296"/>
</config>
<entry key="numProperties" type="xint" value="1"/>
<config key="property_0">
<entry key="key" type="xstring" value="color"/>
<entry key="value" type="xstring" value="#404040"/>
</config>
</config>
<config key="row_27">
<entry key="rowKey" type="xstring" value="Row28_148"/>
<config key="values">
<entry key="array-size" type="xint" value="8"/>
<entry key="0" type="xstring" value="2008.0"/>
<entry key="1" type="xstring" value="14.0"/>
<entry key="2" type="xstring" value="27.0"/>
<entry key="3" type="xstring" value="27.0"/>
<entry key="4" type="xstring" value="31290.2537245347"/>
<entry key="5" type="xstring" value="4259800.0"/>
<entry key="6" type="xstring" value="10.351061945435891"/>
<entry key="7" type="xstring" value="15.264732768786637"/>
</config>
<entry key="numProperties" type="xint" value="1"/>
<config key="property_0">
<entry key="key" type="xstring" value="color"/>
<entry key="value" type="xstring" value="#404040"/>
</config>
</config>
<config key="row_28">
<entry key="rowKey" type="xstring" value="Row29_99"/>
<config key="values">
<entry key="array-size" type="xint" value="8"/>
<entry key="0" type="xstring" value="2008.0"/>
<entry key="1" type="xstring" value="13.0"/>
<entry key="2" type="xstring" value="28.0"/>
<entry key="3" type="xstring" value="28.0"/>
<entry key="4" type="xstring" value="8513.56464506814"/>
<entry key="5" type="xstring" value="1.5674E7"/>
<entry key="6" type="xstring" value="9.049416011074149"/>
<entry key="7" type="xstring" value="16.567513846594945"/>
</config>
<entry key="numProperties" type="xint" value="1"/>
<config key="property_0">
<entry key="key" type="xstring" value="color"/>
<entry key="value" type="xstring" value="#404040"/>
</config>
</config>
<config key="row_29">
<entry key="rowKey" type="xstring" value="Row30_34"/>
<config key="values">
<entry key="array-size" type="xint" value="8"/>
<entry key="0" type="xstring" value="2008.0"/>
<entry key="1" type="xstring" value="11.0"/>
<entry key="2" type="xstring" value="29.0"/>
<entry key="3" type="xstring" value="29.0"/>
<entry key="4" type="xstring" value="72487.8459296849"/>
<entry key="5" type="xstring" value="7647675.0"/>
<entry key="6" type="xstring" value="11.191174184440044"/>
<entry key="7" type="xstring" value="15.849912238040572"/>
</config>
<entry key="numProperties" type="xint" value="1"/>
<config key="property_0">
<entry key="key" type="xstring" value="color"/>
<entry key="value" type="xstring" value="#404040"/>
</config>
</config>
<config key="row_30">
<entry key="rowKey" type="xstring" value="Row31_180"/>
<config key="values">
<entry key="array-size" type="xint" value="8"/>
<entry key="0" type="xstring" value="2008.0"/>
<entry key="1" type="xstring" value="10.0"/>
<entry key="2" type="xstring" value="30.0"/>
<entry key="3" type="xstring" value="30.0"/>
<entry key="4" type="xstring" value="18677.2927109318"/>
<entry key="5" type="xstring" value="5379233.0"/>
<entry key="6" type="xstring" value="9.835063771457854"/>
<entry key="7" type="xstring" value="15.498056356918841"/>
</config>
<entry key="numProperties" type="xint" value="1"/>
<config key="property_0">
<entry key="key" type="xstring" value="color"/>
<entry key="value" type="xstring" value="#404040"/>
</config>
</config>
<config key="row_31">
<entry key="rowKey" type="xstring" value="Row32_197"/>
<config key="values">
<entry key="array-size" type="xint" value="8"/>
<entry key="0" type="xstring" value="2008.0"/>
<entry key="1" type="xstring" value="8.0"/>
<entry key="2" type="xstring" value="31.0"/>
<entry key="3" type="xstring" value="31.0"/>
<entry key="4" type="xstring" value="10854.1722529151"/>
<entry key="5" type="xstring" value="7.0418604E7"/>
<entry key="6" type="xstring" value="9.292304824491444"/>
<entry key="7" type="xstring" value="18.069968047581025"/>
</config>
<entry key="numProperties" type="xint" value="1"/>
<config key="property_0">
<entry key="key" type="xstring" value="color"/>
<entry key="value" type="xstring" value="#404040"/>
</config>
</config>
<config key="row_32">
<entry key="rowKey" type="xstring" value="Row33_62"/>
<config key="values">
<entry key="array-size" type="xint" value="8"/>
<entry key="0" type="xstring" value="2008.0"/>
<entry key="1" type="xstring" value="7.0"/>
<entry key="2" type="xstring" value="32.0"/>
<entry key="3" type="xstring" value="32.0"/>
<entry key="4" type="xstring" value="326.436826698931"/>
<entry key="5" type="xstring" value="8.2916235E7"/>
<entry key="6" type="xstring" value="5.788236443621711"/>
<entry key="7" type="xstring" value="18.233341439291163"/>
</config>
<entry key="numProperties" type="xint" value="1"/>
<config key="property_0">
<entry key="key" type="xstring" value="color"/>
<entry key="value" type="xstring" value="#404040"/>
</config>
</config>
<config key="row_33">
<entry key="rowKey" type="xstring" value="Row34_87"/>
<config key="values">
<entry key="array-size" type="xint" value="8"/>
<entry key="0" type="xstring" value="2008.0"/>
<entry key="1" type="xstring" value="7.0"/>
<entry key="2" type="xstring" value="33.0"/>
<entry key="3" type="xstring" value="33.0"/>
<entry key="4" type="xstring" value="2166.85416700025"/>
<entry key="5" type="xstring" value="2.35469762E8"/>
<entry key="6" type="xstring" value="7.681031702086869"/>
<entry key="7" type="xstring" value="19.277093064026126"/>
</config>
<entry key="numProperties" type="xint" value="1"/>
<config key="property_0">
<entry key="key" type="xstring" value="color"/>
<entry key="value" type="xstring" value="#404040"/>
</config>
</config>
<config key="row_34">
<entry key="rowKey" type="xstring" value="Row35_77"/>
<config key="values">
<entry key="array-size" type="xint" value="8"/>
<entry key="0" type="xstring" value="2008.0"/>
<entry key="1" type="xstring" value="7.0"/>
<entry key="2" type="xstring" value="34.0"/>
<entry key="3" type="xstring" value="34.0"/>
<entry key="4" type="xstring" value="31997.2820108813"/>
<entry key="5" type="xstring" value="1.1077841E7"/>
<entry key="6" type="xstring" value="10.37340624101454"/>
<entry key="7" type="xstring" value="16.220457364700927"/>
</config>
<entry key="numProperties" type="xint" value="1"/>
<config key="property_0">
<entry key="key" type="xstring" value="color"/>
<entry key="value" type="xstring" value="#404040"/>
</config>
</config>
<config key="row_35">
<entry key="rowKey" type="xstring" value="Row36_182"/>
<config key="values">
<entry key="array-size" type="xint" value="8"/>
<entry key="0" type="xstring" value="2008.0"/>
<entry key="1" type="xstring" value="7.0"/>
<entry key="2" type="xstring" value="35.0"/>
<entry key="3" type="xstring" value="35.0"/>
<entry key="4" type="xstring" value="56152.552340314"/>
<entry key="5" type="xstring" value="9219637.0"/>
<entry key="6" type="xstring" value="10.935827414882644"/>
<entry key="7" type="xstring" value="16.036846223824966"/>
</config>
<entry key="numProperties" type="xint" value="1"/>
<config key="property_0">
<entry key="key" type="xstring" value="color"/>
<entry key="value" type="xstring" value="#404040"/>
</config>
</config>
<config key="row_36">
<entry key="rowKey" type="xstring" value="Row37_50"/>
<config key="values">
<entry key="array-size" type="xint" value="8"/>
<entry key="0" type="xstring" value="2008.0"/>
<entry key="1" type="xstring" value="7.0"/>
<entry key="2" type="xstring" value="36.0"/>
<entry key="3" type="xstring" value="36.0"/>
<entry key="4" type="xstring" value="22698.8539572605"/>
<entry key="5" type="xstring" value="1.0384603E7"/>
<entry key="6" type="xstring" value="10.030069715730715"/>
<entry key="7" type="xstring" value="16.155834786347864"/>
</config>
<entry key="numProperties" type="xint" value="1"/>
<config key="property_0">
<entry key="key" type="xstring" value="color"/>
<entry key="value" type="xstring" value="#404040"/>
</config>
</config>
<config key="row_37">
<entry key="rowKey" type="xstring" value="Row38_13"/>
<config key="values">
<entry key="array-size" type="xint" value="8"/>
<entry key="0" type="xstring" value="2008.0"/>
<entry key="1" type="xstring" value="7.0"/>
<entry key="2" type="xstring" value="37.0"/>
<entry key="3" type="xstring" value="37.0"/>
<entry key="4" type="xstring" value="5574.60380218613"/>
<entry key="5" type="xstring" value="8763400.0"/>
<entry key="6" type="xstring" value="8.625976526930506"/>
<entry key="7" type="xstring" value="15.986094515464323"/>
</config>
<entry key="numProperties" type="xint" value="1"/>
<config key="property_0">
<entry key="key" type="xstring" value="color"/>
<entry key="value" type="xstring" value="#404040"/>
</config>
</config>
<config key="row_38">
<entry key="rowKey" type="xstring" value="Row39_70"/>
<config key="values">
<entry key="array-size" type="xint" value="8"/>
<entry key="0" type="xstring" value="2008.0"/>
<entry key="1" type="xstring" value="6.0"/>
<entry key="2" type="xstring" value="38.0"/>
<entry key="3" type="xstring" value="38.0"/>
<entry key="4" type="xstring" value="3324.73587905411"/>
<entry key="5" type="xstring" value="3848449.0"/>
<entry key="6" type="xstring" value="8.109145515063894"/>
<entry key="7" type="xstring" value="15.16318076795237"/>
</config>
<entry key="numProperties" type="xint" value="1"/>
<config key="property_0">
<entry key="key" type="xstring" value="color"/>
<entry key="value" type="xstring" value="#404040"/>
</config>
</config>
<config key="row_39">
<entry key="rowKey" type="xstring" value="Row40_8"/>
<config key="values">
<entry key="array-size" type="xint" value="8"/>
<entry key="0" type="xstring" value="2008.0"/>
<entry key="1" type="xstring" value="6.0"/>
<entry key="2" type="xstring" value="39.0"/>
<entry key="3" type="xstring" value="39.0"/>
<entry key="4" type="xstring" value="4010.85724255226"/>
<entry key="5" type="xstring" value="2907618.0"/>
<entry key="6" type="xstring" value="8.29676027365131"/>
<entry key="7" type="xstring" value="14.882844747246175"/>
</config>
<entry key="numProperties" type="xint" value="1"/>
<config key="property_0">
<entry key="key" type="xstring" value="color"/>
<entry key="value" type="xstring" value="#404040"/>
</config>
</config>
<config key="row_40">
<entry key="rowKey" type="xstring" value="Row41_205"/>
<config key="values">
<entry key="array-size" type="xint" value="8"/>
<entry key="0" type="xstring" value="2008.0"/>
<entry key="1" type="xstring" value="6.0"/>
<entry key="2" type="xstring" value="40.0"/>
<entry key="3" type="xstring" value="40.0"/>
<entry key="4" type="xstring" value="1082.28602501699"/>
<entry key="5" type="xstring" value="2.73028E7"/>
<entry key="6" type="xstring" value="6.986830772917071"/>
<entry key="7" type="xstring" value="17.122499818998413"/>
</config>
<entry key="numProperties" type="xint" value="1"/>
<config key="property_0">
<entry key="key" type="xstring" value="color"/>
<entry key="value" type="xstring" value="#404040"/>
</config>
</config>
<config key="row_41">
<entry key="rowKey" type="xstring" value="Row43_63"/>
<config key="values">
<entry key="array-size" type="xint" value="8"/>
<entry key="0" type="xstring" value="2008.0"/>
<entry key="1" type="xstring" value="5.0"/>
<entry key="2" type="xstring" value="41.0"/>
<entry key="3" type="xstring" value="41.0"/>
<entry key="4" type="xstring" value="53554.0389224673"/>
<entry key="5" type="xstring" value="5313399.0"/>
<entry key="6" type="xstring" value="10.888446496420439"/>
<entry key="7" type="xstring" value="15.485742301427535"/>
</config>
<entry key="numProperties" type="xint" value="1"/>
<config key="property_0">
<entry key="key" type="xstring" value="color"/>
<entry key="value" type="xstring" value="#404040"/>
</config>
</config>
<config key="row_42">
<entry key="rowKey" type="xstring" value="Row44_181"/>
<config key="values">
<entry key="array-size" type="xint" value="8"/>
<entry key="0" type="xstring" value="2008.0"/>
<entry key="1" type="xstring" value="5.0"/>
<entry key="2" type="xstring" value="42.0"/>
<entry key="3" type="xstring" value="42.0"/>
<entry key="4" type="xstring" value="27483.3369524581"/>
<entry key="5" type="xstring" value="2021316.0"/>
<entry key="6" type="xstring" value="10.221335171003972"/>
<entry key="7" type="xstring" value="14.519259342401579"/>
</config>
<entry key="numProperties" type="xint" value="1"/>
<config key="property_0">
<entry key="key" type="xstring" value="color"/>
<entry key="value" type="xstring" value="#404040"/>
</config>
</config>
<config key="row_43">
<entry key="rowKey" type="xstring" value="Row45_195"/>
<config key="values">
<entry key="array-size" type="xint" value="8"/>
<entry key="0" type="xstring" value="2008.0"/>
<entry key="1" type="xstring" value="5.0"/>
<entry key="2" type="xstring" value="43.0"/>
<entry key="3" type="xstring" value="43.0"/>
<entry key="4" type="xstring" value="21204.1049703496"/>
<entry key="5" type="xstring" value="1314443.0"/>
<entry key="6" type="xstring" value="9.961950072592971"/>
<entry key="7" type="xstring" value="14.088923559716648"/>
</config>
<entry key="numProperties" type="xint" value="1"/>
<config key="property_0">
<entry key="key" type="xstring" value="color"/>
<entry key="value" type="xstring" value="#404040"/>
</config>
</config>
<config key="row_44">
<entry key="rowKey" type="xstring" value="Row46_84"/>
<config key="values">
<entry key="array-size" type="xint" value="8"/>
<entry key="0" type="xstring" value="2008.0"/>
<entry key="1" type="xstring" value="5.0"/>
<entry key="2" type="xstring" value="44.0"/>
<entry key="3" type="xstring" value="44.0"/>
<entry key="4" type="xstring" value="16309.4390148869"/>
<entry key="5" type="xstring" value="4309705.0"/>
<entry key="6" type="xstring" value="9.699499299860252"/>
<entry key="7" type="xstring" value="15.276380014261793"/>
</config>
<entry key="numProperties" type="xint" value="1"/>
<config key="property_0">
<entry key="key" type="xstring" value="color"/>
<entry key="value" type="xstring" value="#404040"/>
</config>
</config>
<config key="row_45">
<entry key="rowKey" type="xstring" value="Row47_19"/>
<config key="values">
<entry key="array-size" type="xint" value="8"/>
<entry key="0" type="xstring" value="2008.0"/>
<entry key="1" type="xstring" value="5.0"/>
<entry key="2" type="xstring" value="45.0"/>
<entry key="3" type="xstring" value="45.0"/>
<entry key="4" type="xstring" value="7265.73549682997"/>
<entry key="5" type="xstring" value="7492561.0"/>
<entry key="6" type="xstring" value="8.890924809260024"/>
<entry key="7" type="xstring" value="15.829421219614622"/>
</config>
<entry key="numProperties" type="xint" value="1"/>
<config key="property_0">
<entry key="key" type="xstring" value="color"/>
<entry key="value" type="xstring" value="#404040"/>
</config>
</config>
<config key="row_46">
<entry key="rowKey" type="xstring" value="Row48_15"/>
<config key="values">
<entry key="array-size" type="xint" value="8"/>
<entry key="0" type="xstring" value="2008.0"/>
<entry key="1" type="xstring" value="5.0"/>
<entry key="2" type="xstring" value="46.0"/>
<entry key="3" type="xstring" value="46.0"/>
<entry key="4" type="xstring" value="48106.892915788"/>
<entry key="5" type="xstring" value="1.0709973E7"/>
<entry key="6" type="xstring" value="10.781180749689371"/>
<entry key="7" type="xstring" value="16.18668592141235"/>
</config>
<entry key="numProperties" type="xint" value="1"/>
<config key="property_0">
<entry key="key" type="xstring" value="color"/>
<entry key="value" type="xstring" value="#404040"/>
</config>
</config>
<config key="row_47">
<entry key="rowKey" type="xstring" value="Row50_115"/>
<config key="values">
<entry key="array-size" type="xint" value="8"/>
<entry key="0" type="xstring" value="2008.0"/>
<entry key="1" type="xstring" value="5.0"/>
<entry key="2" type="xstring" value="47.0"/>
<entry key="3" type="xstring" value="47.0"/>
<entry key="4" type="xstring" value="14961.5681759187"/>
<entry key="5" type="xstring" value="3198231.0"/>
<entry key="6" type="xstring" value="9.613240070628251"/>
<entry key="7" type="xstring" value="14.978108402412788"/>
</config>
<entry key="numProperties" type="xint" value="1"/>
<config key="property_0">
<entry key="key" type="xstring" value="color"/>
<entry key="value" type="xstring" value="#404040"/>
</config>
</config>
<config key="row_48">
<entry key="rowKey" type="xstring" value="Row51_216"/>
<config key="values">
<entry key="array-size" type="xint" value="8"/>
<entry key="0" type="xstring" value="2008.0"/>
<entry key="1" type="xstring" value="4.0"/>
<entry key="2" type="xstring" value="48.0"/>
<entry key="3" type="xstring" value="48.0"/>
<entry key="4" type="xstring" value="356.693349652722"/>
<entry key="5" type="xstring" value="1.2379549E7"/>
<entry key="6" type="xstring" value="5.876876448099991"/>
<entry key="7" type="xstring" value="16.331556394831782"/>
</config>
<entry key="numProperties" type="xint" value="1"/>
<config key="property_0">
<entry key="key" type="xstring" value="color"/>
<entry key="value" type="xstring" value="#404040"/>
</config>
</config>
<config key="row_49">
<entry key="rowKey" type="xstring" value="Row52_132"/>
<config key="values">
<entry key="array-size" type="xint" value="8"/>
<entry key="0" type="xstring" value="2008.0"/>
<entry key="1" type="xstring" value="4.0"/>
<entry key="2" type="xstring" value="49.0"/>
<entry key="3" type="xstring" value="49.0"/>
<entry key="4" type="xstring" value="2136.56321364601"/>
<entry key="5" type="xstring" value="2631898.0"/>
<entry key="6" type="xstring" value="7.666953842124034"/>
<entry key="7" type="xstring" value="14.783215816877005"/>
</config>
<entry key="numProperties" type="xint" value="1"/>
<config key="property_0">
<entry key="key" type="xstring" value="color"/>
<entry key="value" type="xstring" value="#404040"/>
</config>
</config>
<config key="row_50">
<entry key="rowKey" type="xstring" value="Row53_125"/>
<config key="values">
<entry key="array-size" type="xint" value="8"/>
<entry key="0" type="xstring" value="2008.0"/>
<entry key="1" type="xstring" value="4.0"/>
<entry key="2" type="xstring" value="50.0"/>
<entry key="3" type="xstring" value="50.0"/>
<entry key="4" type="xstring" value="10016.5713043884"/>
<entry key="5" type="xstring" value="1.10815271E8"/>
<entry key="6" type="xstring" value="9.211996130889366"/>
<entry key="7" type="xstring" value="18.523375147690224"/>
</config>
<entry key="numProperties" type="xint" value="1"/>
<config key="property_0">
<entry key="key" type="xstring" value="color"/>
<entry key="value" type="xstring" value="#404040"/>
</config>
</config>
<config key="row_51">
<entry key="rowKey" type="xstring" value="Row54_190"/>
<config key="values">
<entry key="array-size" type="xint" value="8"/>
<entry key="0" type="xstring" value="2008.0"/>
<entry key="1" type="xstring" value="4.0"/>
<entry key="2" type="xstring" value="51.0"/>
<entry key="3" type="xstring" value="51.0"/>
<entry key="4" type="xstring" value="4379.65852387961"/>
<entry key="5" type="xstring" value="6.6530984E7"/>
<entry key="6" type="xstring" value="8.384726037746688"/>
<entry key="7" type="xstring" value="18.01317832192885"/>
</config>
<entry key="numProperties" type="xint" value="1"/>
<config key="property_0">
<entry key="key" type="xstring" value="color"/>
<entry key="value" type="xstring" value="#404040"/>
</config>
</config>
<config key="row_52">
<entry key="rowKey" type="xstring" value="Row56_12"/>
<config key="values">
<entry key="array-size" type="xint" value="8"/>
<entry key="0" type="xstring" value="2008.0"/>
<entry key="1" type="xstring" value="3.0"/>
<entry key="2" type="xstring" value="52.0"/>
<entry key="3" type="xstring" value="52.0"/>
<entry key="4" type="xstring" value="51708.7657541758"/>
<entry key="5" type="xstring" value="8321496.0"/>
<entry key="6" type="xstring" value="10.853382596495386"/>
<entry key="7" type="xstring" value="15.934352604326234"/>
</config>
<entry key="numProperties" type="xint" value="1"/>
<config key="property_0">
<entry key="key" type="xstring" value="color"/>
<entry key="value" type="xstring" value="#404040"/>
</config>
</config>
<config key="row_53">
<entry key="rowKey" type="xstring" value="Row57_117"/>
<config key="values">
<entry key="array-size" type="xint" value="8"/>
<entry key="0" type="xstring" value="2008.0"/>
<entry key="1" type="xstring" value="3.0"/>
<entry key="2" type="xstring" value="53.0"/>
<entry key="3" type="xstring" value="53.0"/>
<entry key="4" type="xstring" value="16376.9983633933"/>
<entry key="5" type="xstring" value="2177322.0"/>
<entry key="6" type="xstring" value="9.70363309051662"/>
<entry key="7" type="xstring" value="14.59360623924693"/>
</config>
<entry key="numProperties" type="xint" value="1"/>
<config key="property_0">
<entry key="key" type="xstring" value="color"/>
<entry key="value" type="xstring" value="#404040"/>
</config>
</config>
<config key="row_54">
<entry key="rowKey" type="xstring" value="Row58_90"/>
<config key="values">
<entry key="array-size" type="xint" value="8"/>
<entry key="0" type="xstring" value="2008.0"/>
<entry key="1" type="xstring" value="3.0"/>
<entry key="2" type="xstring" value="54.0"/>
<entry key="3" type="xstring" value="54.0"/>
<entry key="4" type="xstring" value="61262.1005610307"/>
<entry key="5" type="xstring" value="4489544.0"/>
<entry key="6" type="xstring" value="11.022916669074624"/>
<entry key="7" type="xstring" value="15.317261695540926"/>
</config>
<entry key="numProperties" type="xint" value="1"/>
<config key="property_0">
<entry key="key" type="xstring" value="color"/>
<entry key="value" type="xstring" value="#404040"/>
</config>
</config>
<config key="row_55">
<entry key="rowKey" type="xstring" value="Row59_170"/>
<config key="values">
<entry key="array-size" type="xint" value="8"/>
<entry key="0" type="xstring" value="2008.0"/>
<entry key="1" type="xstring" value="3.0"/>
<entry key="2" type="xstring" value="55.0"/>
<entry key="3" type="xstring" value="55.0"/>
<entry key="4" type="xstring" value="40007.469261214"/>
<entry key="5" type="xstring" value="4839396.0"/>
<entry key="6" type="xstring" value="10.59682144719426"/>
<entry key="7" type="xstring" value="15.392300477517042"/>
</config>
<entry key="numProperties" type="xint" value="1"/>
<config key="property_0">
<entry key="key" type="xstring" value="color"/>
<entry key="value" type="xstring" value="#404040"/>
</config>
</config>
<config key="row_56">
<entry key="rowKey" type="xstring" value="Row60_89"/>
<config key="values">
<entry key="array-size" type="xint" value="8"/>
<entry key="0" type="xstring" value="2008.0"/>
<entry key="1" type="xstring" value="3.0"/>
<entry key="2" type="xstring" value="56.0"/>
<entry key="3" type="xstring" value="56.0"/>
<entry key="4" type="xstring" value="998.522339019268"/>
<entry key="5" type="xstring" value="1.200669765E9"/>
<entry key="6" type="xstring" value="6.906276525183743"/>
<entry key="7" type="xstring" value="20.906145375539563"/>
</config>
<entry key="numProperties" type="xint" value="1"/>
<config key="property_0">
<entry key="key" type="xstring" value="color"/>
<entry key="value" type="xstring" value="#404040"/>
</config>
</config>
<config key="row_57">
<entry key="rowKey" type="xstring" value="Row61_61"/>
<config key="values">
<entry key="array-size" type="xint" value="8"/>
<entry key="0" type="xstring" value="2008.0"/>
<entry key="1" type="xstring" value="3.0"/>
<entry key="2" type="xstring" value="57.0"/>
<entry key="3" type="xstring" value="57.0"/>
<entry key="4" type="xstring" value="18227.1200781939"/>
<entry key="5" type="xstring" value="1337090.0"/>
<entry key="6" type="xstring" value="9.810665878132893"/>
<entry key="7" type="xstring" value="14.106006168702605"/>
</config>
<entry key="numProperties" type="xint" value="1"/>
<config key="property_0">
<entry key="key" type="xstring" value="color"/>
<entry key="value" type="xstring" value="#404040"/>
</config>
</config>
<config key="row_58">
<entry key="rowKey" type="xstring" value="Row62_120"/>
<config key="values">
<entry key="array-size" type="xint" value="8"/>
<entry key="0" type="xstring" value="2008.0"/>
<entry key="1" type="xstring" value="2.0"/>
<entry key="2" type="xstring" value="58.0"/>
<entry key="3" type="xstring" value="58.0"/>
<entry key="4" type="xstring" value="2890.36008322739"/>
<entry key="5" type="xstring" value="3.1536811E7"/>
<entry key="6" type="xstring" value="7.96913636961746"/>
<entry key="7" type="xstring" value="17.26666602468527"/>
</config>
<entry key="numProperties" type="xint" value="1"/>
<config key="property_0">
<entry key="key" type="xstring" value="color"/>
<entry key="value" type="xstring" value="#404040"/>
</config>
</config>
<config key="row_59">
<entry key="rowKey" type="xstring" value="Row63_56"/>
<config key="values">
<entry key="array-size" type="xint" value="8"/>
<entry key="0" type="xstring" value="2008.0"/>
<entry key="1" type="xstring" value="2.0"/>
<entry key="2" type="xstring" value="59.0"/>
<entry key="3" type="xstring" value="59.0"/>
<entry key="4" type="xstring" value="4923.62926502041"/>
<entry key="5" type="xstring" value="3.4730608E7"/>
<entry key="6" type="xstring" value="8.501801193044216"/>
<entry key="7" type="xstring" value="17.36313193104557"/>
</config>
<entry key="numProperties" type="xint" value="1"/>
<config key="property_0">
<entry key="key" type="xstring" value="color"/>
<entry key="value" type="xstring" value="#404040"/>
</config>
</config>
<config key="row_60">
<entry key="rowKey" type="xstring" value="Row64_42"/>
<config key="values">
<entry key="array-size" type="xint" value="8"/>
<entry key="0" type="xstring" value="2008.0"/>
<entry key="1" type="xstring" value="2.0"/>
<entry key="2" type="xstring" value="60.0"/>
<entry key="3" type="xstring" value="60.0"/>
<entry key="4" type="xstring" value="5472.5361334524"/>
<entry key="5" type="xstring" value="4.4254975E7"/>
<entry key="6" type="xstring" value="8.6074974321075"/>
<entry key="7" type="xstring" value="17.605478352477036"/>
</config>
<entry key="numProperties" type="xint" value="1"/>
<config key="property_0">
<entry key="key" type="xstring" value="color"/>
<entry key="value" type="xstring" value="#404040"/>
</config>
</config>
<config key="row_61">
<entry key="rowKey" type="xstring" value="Row65_101"/>
<config key="values">
<entry key="array-size" type="xint" value="8"/>
<entry key="0" type="xstring" value="2008.0"/>
<entry key="1" type="xstring" value="2.0"/>
<entry key="2" type="xstring" value="61.0"/>
<entry key="3" type="xstring" value="61.0"/>
<entry key="4" type="xstring" value="966.393627185372"/>
<entry key="5" type="xstring" value="5318700.0"/>
<entry key="6" type="xstring" value="6.87357123277281"/>
<entry key="7" type="xstring" value="15.486739470554582"/>
</config>
<entry key="numProperties" type="xint" value="1"/>
<config key="property_0">
<entry key="key" type="xstring" value="color"/>
<entry key="value" type="xstring" value="#404040"/>
</config>
</config>
<config key="row_62">
<entry key="rowKey" type="xstring" value="Row66_159"/>
<config key="values">
<entry key="array-size" type="xint" value="8"/>
<entry key="0" type="xstring" value="2008.0"/>
<entry key="1" type="xstring" value="2.0"/>
<entry key="2" type="xstring" value="62.0"/>
<entry key="3" type="xstring" value="62.0"/>
<entry key="4" type="xstring" value="24847.545135091"/>
<entry key="5" type="xstring" value="1.0558177E7"/>
<entry key="6" type="xstring" value="10.120514239324704"/>
<entry key="7" type="xstring" value="16.172411188763913"/>
</config>
<entry key="numProperties" type="xint" value="1"/>
<config key="property_0">
<entry key="key" type="xstring" value="color"/>
<entry key="value" type="xstring" value="#404040"/>
</config>
</config>
<config key="row_63">
<entry key="rowKey" type="xstring" value="Row67_55"/>
<config key="values">
<entry key="array-size" type="xint" value="8"/>
<entry key="0" type="xstring" value="2008.0"/>
<entry key="1" type="xstring" value="2.0"/>
<entry key="2" type="xstring" value="63.0"/>
<entry key="3" type="xstring" value="63.0"/>
<entry key="4" type="xstring" value="5087.98536458932"/>
<entry key="5" type="xstring" value="9458075.0"/>
<entry key="6" type="xstring" value="8.534637228559319"/>
<entry key="7" type="xstring" value="16.0623794319494"/>
</config>
<entry key="numProperties" type="xint" value="1"/>
<config key="property_0">
<entry key="key" type="xstring" value="color"/>
<entry key="value" type="xstring" value="#404040"/>
</config>
</config>
<config key="row_64">
<entry key="rowKey" type="xstring" value="Row68_91"/>
<config key="values">
<entry key="array-size" type="xint" value="8"/>
<entry key="0" type="xstring" value="2008.0"/>
<entry key="1" type="xstring" value="2.0"/>
<entry key="2" type="xstring" value="64.0"/>
<entry key="3" type="xstring" value="64.0"/>
<entry key="4" type="xstring" value="5717.31446462719"/>
<entry key="5" type="xstring" value="7.2120604E7"/>
<entry key="6" type="xstring" value="8.651254474933538"/>
<entry key="7" type="xstring" value="18.093850331194993"/>
</config>
<entry key="numProperties" type="xint" value="1"/>
<config key="property_0">
<entry key="key" type="xstring" value="color"/>
<entry key="value" type="xstring" value="#404040"/>
</config>
</config>
<config key="row_65">
<entry key="rowKey" type="xstring" value="Row69_191"/>
<config key="values">
<entry key="array-size" type="xint" value="8"/>
<entry key="0" type="xstring" value="2008.0"/>
<entry key="1" type="xstring" value="2.0"/>
<entry key="2" type="xstring" value="65.0"/>
<entry key="3" type="xstring" value="65.0"/>
<entry key="4" type="xstring" value="715.86511053556"/>
<entry key="5" type="xstring" value="7209930.0"/>
<entry key="6" type="xstring" value="6.573491756105676"/>
<entry key="7" type="xstring" value="15.790969800476137"/>
</config>
<entry key="numProperties" type="xint" value="1"/>
<config key="property_0">
<entry key="key" type="xstring" value="color"/>
<entry key="value" type="xstring" value="#404040"/>
</config>
</config>
<config key="row_66">
<entry key="rowKey" type="xstring" value="Row70_58"/>
<config key="values">
<entry key="array-size" type="xint" value="8"/>
<entry key="0" type="xstring" value="2008.0"/>
<entry key="1" type="xstring" value="1.0"/>
<entry key="2" type="xstring" value="66.0"/>
<entry key="3" type="xstring" value="66.0"/>
<entry key="4" type="xstring" value="2044.52785549853"/>
<entry key="5" type="xstring" value="7.9636079E7"/>
<entry key="6" type="xstring" value="7.622922164313756"/>
<entry key="7" type="xstring" value="18.192977801894994"/>
</config>
<entry key="numProperties" type="xint" value="1"/>
<config key="property_0">
<entry key="key" type="xstring" value="color"/>
<entry key="value" type="xstring" value="#404040"/>
</config>
</config>
<config key="row_67">
<entry key="rowKey" type="xstring" value="Row71_57"/>
<config key="values">
<entry key="array-size" type="xint" value="8"/>
<entry key="0" type="xstring" value="2008.0"/>
<entry key="1" type="xstring" value="1.0"/>
<entry key="2" type="xstring" value="67.0"/>
<entry key="3" type="xstring" value="67.0"/>
<entry key="4" type="xstring" value="4249.01926210976"/>
<entry key="5" type="xstring" value="1.4535739E7"/>
<entry key="6" type="xstring" value="8.35444347343232"/>
<entry key="7" type="xstring" value="16.49212093347592"/>
</config>
<entry key="numProperties" type="xint" value="1"/>
<config key="property_0">
<entry key="key" type="xstring" value="color"/>
<entry key="value" type="xstring" value="#404040"/>
</config>
</config>
<config key="row_68">
<entry key="rowKey" type="xstring" value="Row72_168"/>
<config key="values">
<entry key="array-size" type="xint" value="8"/>
<entry key="0" type="xstring" value="2008.0"/>
<entry key="1" type="xstring" value="1.0"/>
<entry key="2" type="xstring" value="68.0"/>
<entry key="3" type="xstring" value="68.0"/>
<entry key="4" type="xstring" value="1304.5330505517"/>
<entry key="5" type="xstring" value="3.3060837E7"/>
<entry key="6" type="xstring" value="7.173600440056297"/>
<entry key="7" type="xstring" value="17.313859967641022"/>
</config>
<entry key="numProperties" type="xint" value="1"/>
<config key="property_0">
<entry key="key" type="xstring" value="color"/>
<entry key="value" type="xstring" value="#404040"/>
</config>
</config>
<config key="row_69">
<entry key="rowKey" type="xstring" value="Row73_214"/>
<config key="values">
<entry key="array-size" type="xint" value="8"/>
<entry key="0" type="xstring" value="2008.0"/>
<entry key="1" type="xstring" value="1.0"/>
<entry key="2" type="xstring" value="69.0"/>
<entry key="3" type="xstring" value="69.0"/>
<entry key="4" type="xstring" value="5760.80528723832"/>
<entry key="5" type="xstring" value="4.9779471E7"/>
<entry key="6" type="xstring" value="8.658832550730084"/>
<entry key="7" type="xstring" value="17.72311322808952"/>
</config>
<entry key="numProperties" type="xint" value="1"/>
<config key="property_0">
<entry key="key" type="xstring" value="color"/>
<entry key="value" type="xstring" value="#404040"/>
</config>
</config>
<config key="row_70">
<entry key="rowKey" type="xstring" value="Row74_94"/>
<config key="values">
<entry key="array-size" type="xint" value="8"/>
<entry key="0" type="xstring" value="2008.0"/>
<entry key="1" type="xstring" value="1.0"/>
<entry key="2" type="xstring" value="70.0"/>
<entry key="3" type="xstring" value="70.0"/>
<entry key="4" type="xstring" value="29567.803875678"/>
<entry key="5" type="xstring" value="7308800.0"/>
<entry key="6" type="xstring" value="10.29444134142692"/>
<entry key="7" type="xstring" value="15.80458965956372"/>
</config>
<entry key="numProperties" type="xint" value="1"/>
<config key="property_0">
<entry key="key" type="xstring" value="color"/>
<entry key="value" type="xstring" value="#404040"/>
</config>
</config>
<config key="row_71">
<entry key="rowKey" type="xstring" value="Row75_189"/>
<config key="values">
<entry key="array-size" type="xint" value="8"/>
<entry key="0" type="xstring" value="2008.0"/>
<entry key="1" type="xstring" value="1.0"/>
<entry key="2" type="xstring" value="71.0"/>
<entry key="3" type="xstring" value="71.0"/>
<entry key="4" type="xstring" value="544.147523365142"/>
<entry key="5" type="xstring" value="6083420.0"/>
<entry key="6" type="xstring" value="6.299220392749083"/>
<entry key="7" type="xstring" value="15.621077595798527"/>
</config>
<entry key="numProperties" type="xint" value="1"/>
<config key="property_0">
<entry key="key" type="xstring" value="color"/>
<entry key="value" type="xstring" value="#404040"/>
</config>
</config>
<config key="row_72">
<entry key="rowKey" type="xstring" value="Row76_122"/>
<config key="values">
<entry key="array-size" type="xint" value="8"/>
<entry key="0" type="xstring" value="2008.0"/>
<entry key="1" type="xstring" value="1.0"/>
<entry key="2" type="xstring" value="72.0"/>
<entry key="3" type="xstring" value="72.0"/>
<entry key="4" type="xstring" value="2111.20149504197"/>
<entry key="5" type="xstring" value="2867964.0"/>
<entry key="6" type="xstring" value="7.655012493336822"/>
<entry key="7" type="xstring" value="14.869112928321613"/>
</config>
<entry key="numProperties" type="xint" value="1"/>
<config key="property_0">
<entry key="key" type="xstring" value="color"/>
<entry key="value" type="xstring" value="#404040"/>
</config>
</config>
<config key="row_73">
<entry key="rowKey" type="xstring" value="Row77_196"/>
<config key="values">
<entry key="array-size" type="xint" value="8"/>
<entry key="0" type="xstring" value="2008.0"/>
<entry key="1" type="xstring" value="1.0"/>
<entry key="2" type="xstring" value="73.0"/>
<entry key="3" type="xstring" value="73.0"/>
<entry key="4" type="xstring" value="4307.15587838971"/>
<entry key="5" type="xstring" value="1.0414433E7"/>
<entry key="6" type="xstring" value="8.368033076270505"/>
<entry key="7" type="xstring" value="16.158703190484747"/>
</config>
<entry key="numProperties" type="xint" value="1"/>
<config key="property_0">
<entry key="key" type="xstring" value="color"/>
<entry key="value" type="xstring" value="#404040"/>
</config>
</config>
<config key="row_74">
<entry key="rowKey" type="xstring" value="Row78_151"/>
<config key="values">
<entry key="array-size" type="xint" value="8"/>
<entry key="0" type="xstring" value="2008.0"/>
<entry key="1" type="xstring" value="1.0"/>
<entry key="2" type="xstring" value="74.0"/>
<entry key="3" type="xstring" value="74.0"/>
<entry key="4" type="xstring" value="7154.274496019"/>
<entry key="5" type="xstring" value="3516204.0"/>
<entry key="6" type="xstring" value="8.875465288668975"/>
<entry key="7" type="xstring" value="15.072892556581898"/>
</config>
<entry key="numProperties" type="xint" value="1"/>
<config key="property_0">
<entry key="key" type="xstring" value="color"/>
<entry key="value" type="xstring" value="#404040"/>
</config>
</config>
<config key="row_75">
<entry key="rowKey" type="xstring" value="Row79_36"/>
<config key="values">
<entry key="array-size" type="xint" value="8"/>
<entry key="0" type="xstring" value="2008.0"/>
<entry key="1" type="xstring" value="1.0"/>
<entry key="2" type="xstring" value="75.0"/>
<entry key="3" type="xstring" value="75.0"/>
<entry key="4" type="xstring" value="10751.479674217"/>
<entry key="5" type="xstring" value="1.6708258E7"/>
<entry key="6" type="xstring" value="9.282798668196936"/>
<entry key="7" type="xstring" value="16.631413646184555"/>
</config>
<entry key="numProperties" type="xint" value="1"/>
<config key="property_0">
<entry key="key" type="xstring" value="color"/>
<entry key="value" type="xstring" value="#404040"/>
</config>
</config>
<config key="row_76">
<entry key="rowKey" type="xstring" value="Row80_39"/>
<config key="values">
<entry key="array-size" type="xint" value="8"/>
<entry key="0" type="xstring" value="2008.0"/>
<entry key="1" type="xstring" value="1.0"/>
<entry key="2" type="xstring" value="76.0"/>
<entry key="3" type="xstring" value="76.0"/>
<entry key="4" type="xstring" value="1371.7467084914"/>
<entry key="5" type="xstring" value="1.9252666E7"/>
<entry key="6" type="xstring" value="7.223840176440234"/>
<entry key="7" type="xstring" value="16.773160102615222"/>
</config>
<entry key="numProperties" type="xint" value="1"/>
<config key="property_0">
<entry key="key" type="xstring" value="color"/>
<entry key="value" type="xstring" value="#404040"/>
</config>
</config>
<config key="row_77">
<entry key="rowKey" type="xstring" value="Row81_138"/>
<config key="values">
<entry key="array-size" type="xint" value="8"/>
<entry key="0" type="xstring" value="2008.0"/>
<entry key="1" type="xstring" value="1.0"/>
<entry key="2" type="xstring" value="77.0"/>
<entry key="3" type="xstring" value="77.0"/>
<entry key="4" type="xstring" value="8474.58682876228"/>
<entry key="5" type="xstring" value="2.7236006E7"/>
<entry key="6" type="xstring" value="9.044827179291783"/>
<entry key="7" type="xstring" value="17.120050405881635"/>
</config>
<entry key="numProperties" type="xint" value="1"/>
<config key="property_0">
<entry key="key" type="xstring" value="color"/>
<entry key="value" type="xstring" value="#404040"/>
</config>
</config>
<config key="row_78">
<entry key="rowKey" type="xstring" value="Row82_136"/>
<config key="values">
<entry key="array-size" type="xint" value="8"/>
<entry key="0" type="xstring" value="2008.0"/>
<entry key="1" type="xstring" value="1.0"/>
<entry key="2" type="xstring" value="78.0"/>
<entry key="3" type="xstring" value="78.0"/>
<entry key="4" type="xstring" value="8030.06300537304"/>
<entry key="5" type="xstring" value="1244121.0"/>
<entry key="6" type="xstring" value="8.990947653158225"/>
<entry key="7" type="xstring" value="14.033939814432175"/>
</config>
<entry key="numProperties" type="xint" value="1"/>
<config key="property_0">
<entry key="key" type="xstring" value="color"/>
<entry key="value" type="xstring" value="#404040"/>
</config>
</config>
<config key="row_79">
<entry key="rowKey" type="xstring" value="Row83_207"/>
<config key="values">
<entry key="array-size" type="xint" value="8"/>
<entry key="0" type="xstring" value="2008.0"/>
<entry key="1" type="xstring" value="1.0"/>
<entry key="2" type="xstring" value="79.0"/>
<entry key="3" type="xstring" value="79.0"/>
<entry key="4" type="xstring" value="11432.7438562616"/>
<entry key="5" type="xstring" value="2.7635832E7"/>
<entry key="6" type="xstring" value="9.344236785395399"/>
<entry key="7" type="xstring" value="17.13462374954499"/>
</config>
<entry key="numProperties" type="xint" value="1"/>
<config key="property_0">
<entry key="key" type="xstring" value="color"/>
<entry key="value" type="xstring" value="#404040"/>
</config>
</config>
<config key="row_80">
<entry key="rowKey" type="xstring" value="Row84_210"/>
<config key="values">
<entry key="array-size" type="xint" value="8"/>
<entry key="0" type="xstring" value="2008.0"/>
<entry key="1" type="xstring" value="1.0"/>
<entry key="2" type="xstring" value="80.0"/>
<entry key="3" type="xstring" value="80.0"/>
<entry key="4" type="xstring" value="1149.4246418463"/>
<entry key="5" type="xstring" value="8.6243413E7"/>
<entry key="6" type="xstring" value="7.047016784721768"/>
<entry key="7" type="xstring" value="18.272684239944837"/>
</config>
<entry key="numProperties" type="xint" value="1"/>
<config key="property_0">
<entry key="key" type="xstring" value="color"/>
<entry key="value" type="xstring" value="#404040"/>
</config>
</config>
<config key="row_81">
<entry key="rowKey" type="xstring" value="Row85_2"/>
<config key="values">
<entry key="array-size" type="xint" value="8"/>
<entry key="0" type="xstring" value="2008.0"/>
<entry key="1" type="xstring" value="1.0"/>
<entry key="2" type="xstring" value="81.0"/>
<entry key="3" type="xstring" value="81.0"/>
<entry key="4" type="xstring" value="364.6607447985"/>
<entry key="5" type="xstring" value="2.7722276E7"/>
<entry key="6" type="xstring" value="5.898967455055361"/>
<entry key="7" type="xstring" value="17.137746835697506"/>
</config>
<entry key="numProperties" type="xint" value="1"/>
<config key="property_0">
<entry key="key" type="xstring" value="color"/>
<entry key="value" type="xstring" value="#404040"/>
</config>
</config>
<entry key="numColorModels" type="xint" value="0"/>
<config key="missingValueColumns">
<entry key="array-size" type="xint" value="0"/>
</config>
</config>
<entry key="displayFullscreenButton" type="xboolean" value="true"/>
<entry key="enableShowSelectedOnly" type="xboolean" value="true"/>
<config key="subscriptionFilterIds">
<entry key="array-size" type="xint" value="0"/>
</config>
<entry key="enableSwitchLegend" type="xboolean" value="false"/>
<entry key="showWarningInView" type="xboolean" value="true"/>
<entry key="hasWarnings" type="xboolean" value="false"/>
<entry key="reportOnMissingValues" type="xboolean" value="true"/>
<config key="dateTimeFormats">
<entry key="globalDateTimeLocale" type="xstring" value="en"/>
<entry key="globalDateFormat" type="xstring" value="YYYY-MM-DD"/>
<entry key="globalLocalDateFormat" type="xstring" value="YYYY-MM-DD"/>
<entry key="globalLocalDateTimeFormat" type="xstring" value="YYYY-MM-DD"/>
<entry key="globalLocalTimeFormat" type="xstring" value="HH:mm:ss"/>
<entry key="globalZonedDateTimeFormat" type="xstring" value="YYYY-MM-DD z"/>
<entry key="timezone" type="xstring" value="Europe/Budapest"/>
</config>
<entry key="enforceOrigin" type="xboolean" value="false"/>
</config>
